1.025621070134568E-9,2.730131431417552E-9,5.1764992935487264E-9,8.951435898460046E-9,1.4931298248060357E-8,2.422931246291477E-8,3.870448368642292E-8,6.095379934250009E-8,9.398151901207067E-8,1.4255171334901753E-7,2.1002425136078507E-7,2.990710971397754E-7,4.1239073750693215E-7,5.578333273096717E-7,7.417685831116235E-7,9.622196371670834E-7,1.2351965652962514E-6,1.4774603192916351E-6,1.7435183142807733E-6,1.9901242615412554E-6,2.220187531899171E-6,2.4379904091497673E-6,2.5952845878608464E-6,2.690025875223332E-6,2.69029328540647E-6,2.5926610998979013E-6,2.42352695171442E-6,2.2512071440914993E-6,2.0184108370067736E-6,1.7578735384306875E-6,1.4991632908549826E-6,1.2294476549489845E-6,9.847175245793321E-7,7.561205841116825E-7,5.600249850358334E-7,4.224793938717133E-7,2.990790359098981E-7,2.0618021093387093E-7,1.4090265870378586E-7,9.475275289957046E-8,6.222455438752821E-8,4.001983823565126E-8,2.5187535829896416E-8,1.5457727491289334E-8,9.319570847351741E-9,5.341379389150664E-9,2.8310444649960925E-9,1.2102015177940538E-9,
2.761343505307938E-9,5.01627470683748E-9,9.001780424772338E-9,1.578350237505243E-8,2.672948819530783E-8,4.447111915269375E-8,7.496820632013817E-8,1.2242503839887445E-7,1.9425212048716978E-7,3.0493149285695766E-7,4.702481335122056E-7,7.020899803506064E-7,1.0277666730334144E-6,1.4811575272337407E-6,2.0557408140849973E-6,2.7911730257281963E-6,3.63732208765771E-6,4.580197147038752E-6,5.710869748585171E-6,6.793032053346667E-6,7.850420080469956E-6,8.787263999700358E-6,9.37604121728295E-6,9.699686901462432E-6,9.615342744603968E-6,9.355223182616005E-6,8.728732245111796E-6,7.869338271490705E-6,6.759830760011447E-6,5.666016182436912E-6,4.594244942446279E-6,3.610749107830494E-6,2.7448442518061162E-6,2.048973317523257E-6,1.4611043033389156E-6,1.0219951926115396E-6,7.06634180262539E-7,4.7055520668213133E-7,3.084164311564292E-7,1.9809328567777207E-7,1.2445290821212595E-7,7.613822922973226E-8,4.6203324346778807E-8,2.750339412551939E-8,1.612605784328413E-8,9.204288661961319E-9,5.072765014408569E-9,2.8794364226783375E-9,
5.250065473096079E-9,9.025152858277257E-9,1.6292785486765618E-8,2.886667669364278E-8,4.979768126368349E-8,8.537485241908893E-8,1.463202953510367E-7,2.406208752517047E-7,3.894736640665033E-7,6.245829819634643E-7,9.879425655926343E-7,1.5134746952156487E-6,2.261412179496215E-6,3.2783238924002517E-6,4.622510801183566E-6,6.3104487287797E-6,8.396044291127768E-6,1.0801038485223807E-5,1.3457581065302103E-5,1.6325397710243357E-5,1.8939881182118277E-5,2.1197939687494484E-5,2.2870375837867775E-5,2.3538296678326102E-5,2.3661045054128393E-5,2.3092416598729836E-5,2.122860725878277E-5,1.878921547074217E-5,1.6109196465804157E-5,1.3388728538866885E-5,1.0699376083369454E-5,8.339394072967357E-6,6.294018588726515E-6,4.596796821896004E-6,3.2524568904125964E-6,2.236589780718881E-6,1.5028455602641315E-6,9.816857830723178E-7,6.287350633772225E-7,3.944270535787319E-7,2.437563897300238E-7,1.48109896422179E-7,8.785178605694252E-8,5.123591534987353E-8,2.949518301244349E-8,1.675515075769846E-8,9.237349817794812E-9,5.410683883262395E-9,
9.128812040814365E-9,1.59294101617224E-8,2.8837967629782525E-8,5.187734951206622E-8,9.073602368983291E-8,1.601623161457555E-7,2.7537509267908887E-7,4.6214067512402304E-7,7.623692948680078E-7,1.2366598657484925E-6,1.993405128628569E-6,3.0722151055553386E-6,4.634474513494934E-6,6.8012792371656495E-6,9.722700438312709E-6,1.3679398593088009E-5,1.842902998176804E-5,2.3913683433048408E-5,2.9997259534400408E-5,3.636966644958153E-5,4.2715714191471506E-5,4.8676547662523485E-5,5.324999503432582E-5,5.4921914159081974E-5,5.4571168933988167E-5,5.250832965198341E-5,4.851383710719501E-5,4.313474524095115E-5,3.684002347620633E-5,2.999092233176688E-5,2.3895599218399544E-5,1.830481857486671E-5,1.3587115844334785E-5,9.805184920436514E-6,6.8146231289740565E-6,4.648148500625284E-6,3.0472709407247304E-6,1.973500051407787E-6,1.2439999740942479E-6,7.685655921057964E-7,4.640104105238294E-7,2.778206061996407E-7,1.642365957045384E-7,9.398203355635971E-8,5.286868743909731E-8,2.9596928862099745E-8,1.6189980456690306E-8,9.35270283562543E-9,
1.5263498834983254E-8,2.7130679553101933E-8,5.031907601289443E-8,9.167792269027779E-8,1.6414996356186085E-7,2.899407598488491E-7,5.030408590875549E-7,8.713464266506768E-7,1.4524098384120137E-6,2.4100362774319483E-6,3.895765710714269E-6,6.0620330483543784E-6,9.37504764672792E-6,1.4028831035738116E-5,2.0437082878588836E-5,2.878244672753972E-5,3.949969336127329E-5,5.224411331617631E-5,6.649446996794246E-5,8.161076637373835E-5,9.702861585684781E-5,1.1106224358403577E-4,1.2066630877788771E-4,1.2554848985337145E-4,1.2435008881034906E-4,1.1821445693260122E-4,1.0970345505379454E-4,9.745154603451221E-5,8.257632463815917E-5,6.674866345336927E-5,5.252014334482334E-5,3.9477721076999205E-5,2.8952230737081043E-5,2.056324464217784E-5,1.4103838937159336E-5,9.41002897903993E-6,6.171543679711865E-6,3.885958653189267E-6,2.4167045175972144E-6,1.4705115013225333E-6,8.757995178839054E-7,5.105379117680676E-7,2.9725865980261037E-7,1.6858642203600903E-7,9.353477089807512E-8,5.1573480409851737E-8,2.763091016132709E-8,1.5662528987480944E-8,
2.4846452180093185E-8,4.5578985746051564E-8,8.662842563153319E-8,1.6068913581702437E-7,2.9219744576744047E-7,5.212792197311036E-7,9.28578003034852E-7,1.6064048200638113E-6,2.711733865519992E-6,4.6158084803522405E-6,7.476446666110037E-6,1.1960706945246799E-5,1.8822224664437106E-5,2.8561538025247933E-5,4.228532246840449E-5,6.073853295414186E-5,8.455236936487676E-5,1.1366119256094115E-4,1.4669044590496507E-4,1.8245459028155294E-4,2.177529723983068E-4,2.4833733153101277E-4,2.7170033556675216E-4,2.837341355898496E-4,2.830127460394658E-4,2.690106404665613E-4,2.4463283247709214E-4,2.1463979979625733E-4,1.819402558822141E-4,1.4771255486369106E-4,1.1308488782783706E-4,8.55824426905825E-5,6.129556200249528E-5,4.2799001047122805E-5,2.9110754186551383E-5,1.8930840531641328E-5,1.2093116974999414E-5,7.611026741281438E-6,4.63493247768192E-6,2.767133458330198E-6,1.6200739076857457E-6,9.304495653001178E-7,5.275192911057469E-7,2.961422798870727E-7,1.6216297354244162E-7,8.809542246258668E-8,4.630999248300252E-8,2.5425092564684762E-8,
3.945968358774069E-8,7.518884340173732E-8,1.4580312590228096E-7,2.764446438976485E-7,5.122449630702433E-7,9.304854529695483E-7,1.6591142161524662E-6,2.8937389164421017E-6,5.068641214783866E-6,8.634253879683189E-6,1.4214260275437313E-5,2.3577124429788397E-5,3.7311723145859955E-5,5.8026389419037527E-5,8.729607367337452E-5,1.2741432842446512E-4,1.7967838617307408E-4,2.442381265452363E-4,3.199632949261794E-4,4.0207288949606975E-4,4.845703567309985E-4,5.573106160896811E-4,6.128940428003902E-4,6.429849525109179E-4,6.432437709531128E-4,6.142815831787308E-4,5.59469457476208E-4,4.869225340500557E-4,4.0439067830010583E-4,3.2366318927170434E-4,2.464616614278357E-4,1.8059248362428342E-4,1.2860357885588011E-4,8.810329786973789E-5,5.8277189971764805E-5,3.797685233652509E-5,2.3625669256030445E-5,1.456509878971382E-5,8.77250458587477E-6,5.132184425485432E-6,2.9483582524421353E-6,1.6724979005229576E-6,9.347607707633529E-7,5.12728580689674E-7,2.7776154580014206E-7,1.4815360445518117E-7,7.618253433310859E-8,4.026869812585011E-8,
6.116201435636514E-8,1.2169538086873275E-7,2.399440993237055E-7,4.6199040137970554E-7,8.674151384987264E-7,1.5945219244412077E-6,2.8999161932947795E-6,5.211925426113647E-6,9.298017044017127E-6,1.598339878886625E-5,2.7295786111920034E-5,4.5415723341299596E-5,7.43134982231926E-5,1.1726893514957852E-4,1.7965676228421108E-4,2.684785918099531E-4,3.828668949222599E-4,5.255222193456244E-4,6.962247785597786E-4,8.862675705588822E-4,0.0010779592510266566,0.0012514223006895074,0.0013853750755582043,0.0014629564235756497,0.0014655653712445562,0.001400926989408797,0.0012776725381080925,0.001104313481501999,9.100106150601643E-4,7.135839347802539E-4,5.339552615959217E-4,3.822214637362351E-4,2.687908905117796E-4,1.8082356113940647E-4,1.1799895719896121E-4,7.451219003488851E-5,4.603456179540122E-5,2.7608348253086698E-5,1.6319696722650622E-5,9.420060764390615E-6,5.294645795395906E-6,2.936729248930514E-6,1.6248569713680576E-6,8.764729183285371E-7,4.678668024168425E-7,2.443337858215152E-7,1.2342855483486062E-7,6.26963928271738E-8,
9.31420984864551E-8,1.935968606713015E-7,3.8954778146596737E-7,7.607137212020738E-7,1.4495277866647617E-6,2.7218749918601685E-6,5.042459439941584E-6,9.263667787485912E-6,1.6832041725598743E-5,2.9714855032939505E-5,5.110563604355615E-5,8.686195463947574E-5,1.442414791286207E-4,2.3260518318185742E-4,3.6450343300603485E-4,5.530452661563141E-4,8.075670708817684E-4,0.0011344610229363252,0.0015251769756257174,0.0019608642547740366,0.0024185602469621727,0.0028440463257709526,0.0031715388563710732,0.0033532844558653106,0.0033565485251089754,0.0031939399825012755,0.0028779270647931467,0.002462407356181283,0.0020039749124800403,0.0015418536639129452,0.0011309695568809317,8.083093376537051E-4,5.548697469434614E-4,3.6449317250925517E-4,2.3379966928253025E-4,1.4416224973319783E-4,8.750221212479852E-5,5.160560074674306E-5,2.9795758030956048E-5,1.694189219744959E-5,9.404134326291989E-6,5.086248538025042E-6,2.755107544930995E-6,1.4601127971275383E-6,7.673535462253753E-7,3.9863289641444484E-7,1.9666356023498487E-7,9.56168856595034E-8,
1.408381175848972E-7,3.064676412914419E-7,6.285086351321039E-7,1.2378982902174069E-6,2.395719676443031E-6,4.584474639266307E-6,8.650911145656493E-6,1.6155968719462028E-5,2.9803536076158066E-5,5.329267789150308E-5,9.393763853299503E-5,1.6343750266405196E-4,2.773431539413583E-4,4.55020211898319E-4,7.30785183371204E-4,0.0011319765859820778,0.0016838926799301913,0.002432916464642563,0.0033049556215653344,0.00434682430029828,0.005443885798800902,0.006442663650720508,0.007243784084718499,0.007676224570021958,0.007659842800017281,0.007252078772055405,0.006482722896324196,0.005479805193901607,0.004389376523881893,0.0033311539721573792,0.002416736576871295,0.001683394826901354,0.001133832513684259,7.323230751582834E-4,4.575414543500163E-4,2.7774231025690105E-4,1.6339054509461237E-4,9.447792206379317E-5,5.364555373210475E-5,2.9898873108516412E-5,1.6359452159381406E-5,8.676385690204481E-6,4.621981456083391E-6,2.4171159431190437E-6,1.2313619508849587E-6,6.306580123847802E-7,3.093163038007699E-7,1.427420598083639E-7,
2.0812409866722075E-7,4.7382296624654234E-7,9.8541688402873E-7,1.960938249911485E-6,3.866813941352023E-6,7.548115504004572E-6,1.442511589323383E-5,2.729230932766345E-5,5.107374555502134E-5,9.379689431603392E-5,1.7069887634655627E-4,3.041599971836194E-4,5.239413630786416E-4,8.8167182300907E-4,0.0014469406338424612,0.0022891276520563466,0.0035178130634420024,0.005109982356324849,0.007153953726434553,0.009652399911520643,0.012264991992998317,0.01475352234142512,0.016597989087452386,0.017800249622191247,0.01771280924916451,0.016551250409228165,0.014711058126303944,0.012223660759179177,0.0096606260503861,0.007219936711652203,0.005112359240185609,0.003494292673689728,0.002288943071251273,0.0014525024354099946,8.84156750886219E-4,5.265634535232157E-4,3.0363506020601906E-4,1.7148374663817056E-4,9.452570593325789E-5,5.180373866366807E-5,2.7738289032251062E-5,1.45688250078517E-5,7.553179487750795E-6,3.909590348190145E-6,1.9835695687805143E-6,9.794901987141597E-7,4.7187137506888905E-7,2.0892156901033515E-7,
2.97143142895623E-7,7.083070483211793E-7,1.4981589827992882E-6,3.0200435534432415E-6,6.08488036258842E-6,1.2075004626300862E-5,2.3478547192045392E-5,4.5323405169410385E-5,8.628049001039318E-5,1.629084713228048E-4,3.025300235932555E-4,5.479344705900241E-4,9.688430668923423E-4,0.001674545091643585,0.0028103631928489445,0.0045714953924968155,0.007140752931415079,0.010698148202823573,0.015433512974542223,0.021116644283708536,0.027227710826923414,0.03338442153729492,0.0383296280613902,0.041372770613476904,0.04137854405861119,0.038194501409604065,0.03331157918612867,0.02725121206148254,0.02107157824049516,0.01552985489513979,0.010767676636758448,0.007150606723876458,0.004565837738228994,0.002815850338752192,0.0016716153894164117,9.710297435270551E-4,5.468267161145035E-4,3.0390801070206297E-4,1.636439806945761E-4,8.771348586637231E-5,4.594649760389842E-5,2.3697740460894806E-5,1.2167762780070476E-5,6.143566312318807E-6,3.065062987133514E-6,1.5098773511149418E-6,7.026454497747476E-7,3.0226283883772626E-7,
4.1051424247217325E-7,1.0237461757781217E-6,2.2165326568809225E-6,4.583650956974504E-6,9.32693201158164E-6,1.8846594942408488E-5,3.7565925107863155E-5,7.358460409649672E-5,1.426653336906544E-4,2.742943778363469E-4,5.216566405825504E-4,9.63136177518626E-4,0.0017542114431254394,0.003123405710186571,0.005397017127783801,0.00900985852973335,0.014423844171114761,0.022271741870447143,0.03289200503750076,0.045423322119595134,0.056636764707813814,0.06325321059980406,0.06559277354776138,0.06601733073651338,0.06610855841597023,0.06560399507681097,0.06317058268947888,0.05627014879593323,0.04549448647447402,0.03288579187605063,0.022402459577422602,0.014371291340874778,0.008953537359537666,0.005383870646905149,0.003111279328746592,0.0017511325135673816,9.714916142108345E-4,5.22794621290643E-4,2.790603417303671E-4,1.430940380139481E-4,7.47801494899432E-5,3.791223920325219E-5,1.891501254573449E-5,9.493509468986196E-6,4.653756816432284E-6,2.2347256580732155E-6,1.0289304105896135E-6,4.1848457675089815E-7,
5.508902119469259E-7,1.458651129631251E-6,3.249440528823118E-6,6.8229202881702725E-6,1.3963301702780245E-5,2.8684943493148502E-5,5.840704039895217E-5,1.1629887028980604E-4,2.288060782038851E-4,4.527861293910736E-4,8.744015800092253E-4,0.0016605441940901588,0.00310153933810761,0.005713619498423324,0.010179363411584206,0.01739573057350722,0.028603694819377447,0.044916480163361576,0.06131886537584109,0.06940457202246816,0.06875121960823193,0.0641432084516012,0.05957201556511489,0.056598181548578666,0.05659937176471993,0.05954912179422162,0.06402242249729843,0.06851739117278251,0.06874881540804077,0.06091880407969992,0.0448140436578624,0.02872867607330435,0.017271993167278673,0.010077424438124708,0.005685608265899408,0.003099855389456257,0.001680150977807806,8.797396359035655E-4,4.605147647555364E-4,2.3383076757888237E-4,1.1621661368443798E-4,5.860373100590063E-5,2.8918852078580873E-5,1.4126533292725082E-5,6.816005218544193E-6,3.2769722956467928E-6,1.4836309600090289E-6,5.613198598094002E-7,
7.403600989216684E-7,2.0480016027145437E-6,4.604036140073144E-6,9.788058682026057E-6,2.040828030022493E-5,4.226567036416496E-5,8.759837275832194E-5,1.7947524303070682E-4,3.587590527640312E-4,7.194810665584143E-4,0.0014409368820478064,0.002789439028760665,0.005362713024687532,0.010197078258586062,0.01863336000243367,0.03235769864781023,0.053154429453466025,0.06924195712816675,0.06859241233592313,0.05707842225819788,0.04463175408441901,0.03555863702401728,0.0308631850493227,0.02872909969653988,0.028721190604662748,0.030793890221855996,0.03557304386001345,0.04498385793524787,0.05712896019713881,0.06845972039846925,0.06888766972286248,0.05314463194102499,0.03249209621743585,0.018372642580620824,0.010071302637322019,0.005337737864274651,0.002812528882105401,0.0014512744829037027,7.258817434486961E-4,3.681357040438936E-4,1.8111127977302205E-4,8.826196518569913E-5,4.261478382061638E-5,2.0389963599256405E-5,9.737583602371446E-6,4.602405049379012E-6,2.0683269911679437E-6,7.580937615719549E-7,
9.715607077317867E-7,2.7815396332430756E-6,6.230944351983379E-6,1.3485014291003594E-5,2.890714273073597E-5,6.103474229888799E-5,1.287756946407099E-4,2.6641580114544316E-4,5.465744755334834E-4,0.0011168399530761754,0.002308941714516125,0.004536659741028874,0.008962317852527818,0.01759300580548196,0.03263878264168433,0.055711003949715045,0.07097129713365785,0.06251312207380537,0.044204388700008035,0.03036060218442313,0.02212562128100476,0.017139732473695213,0.014671513326305964,0.013609079965591993,0.013628235990549712,0.014810113289688362,0.017433077437053874,0.022206611510465976,0.030757726586558898,0.0446104201997109,0.06294400634776652,0.07120129633848671,0.05600804554208226,0.0324903632112158,0.017299769680672865,0.008977307750928675,0.004536384619046285,0.0023018058846403042,0.0011286461097788974,5.493310817246868E-4,2.689743569476545E-4,1.2923272283097583E-4,6.158800641653186E-5,2.9093127224328956E-5,1.3591580700777056E-5,6.295814267392419E-6,2.7709760233323827E-6,9.805136232730073E-7,
1.225049019382506E-6,3.65657054617416E-6,8.432385026678122E-6,1.8174974801187747E-5,3.9726829468681964E-5,8.572622719131371E-5,1.807363446431498E-4,3.830294706691768E-4,8.010749118834722E-4,0.0016879276555795963,0.0035059654276064765,0.0070960373939601895,0.014441489177951733,0.029054754613428845,0.05316976216419088,0.0705450572823688,0.05978764130990759,0.03829149348675449,0.024061649995340974,0.01582035759301749,0.011091901144607987,0.008520221869534036,0.007078774527560893,0.006438976707793782,0.006440575860003652,0.007060122156890084,0.008528604687002785,0.011205266204799521,0.015722174374302525,0.02382632580665849,0.03820164987083819,0.06022418382158106,0.07121897647277513,0.05318837783918437,0.028683584877502943,0.01451736667002485,0.0071632003756632616,0.0035016132203576334,0.0016881304375852236,8.034278007391702E-4,3.827969345751522E-4,1.803956242203736E-4,8.501214441958003E-5,3.9628589322171074E-5,1.8344278240573982E-5,8.41093527660127E-6,3.649891710076264E-6,1.2341280648076433E-6,
1.4949846670433777E-6,4.64089457465444E-6,1.0794827962175797E-5,2.400213312334306E-5,5.261629842232371E-5,1.140032164395667E-4,2.4508650796543956E-4,5.28210414123655E-4,0.0011370911756979894,0.002416251372902425,0.005137255874144725,0.010745578565423245,0.02231229112288662,0.045149109214153244,0.06877884733398151,0.06226658714046554,0.03839356404463121,0.02225536849721204,0.013322092207701417,0.0085224216163495,0.005819669269500673,0.004315651841019739,0.003371924087960121,0.003030314471730046,0.0030368316276149906,0.003356282172729273,0.0041887153157591965,0.0058145094455096785,0.008522421616349795,0.01320237613118064,0.0218321318201385,0.03813753621688192,0.06284722849864764,0.06894329977983803,0.044856356645952944,0.022358767582951647,0.010853927820736076,0.0051277417519711875,0.002436838467108132,0.0011285712303793095,5.331663580510482E-4,2.444538335155751E-4,1.1383622735327336E-4,5.2300432688912224E-5,2.409842199697934E-5,1.0816460058549556E-5,4.579341149369078E-6,1.48742100418879E-6,
1.7592518390432513E-6,5.664415103686365E-6,1.3510875690085482E-5,3.040192864287895E-5,6.720504624119209E-5,1.4761775915293063E-4,3.2052470650909676E-4,7.05252340268513E-4,0.0015388691808026576,0.00333556431880291,0.0072155918523063465,0.015491615365939465,0.032839901489749614,0.061162799413636865,0.06815040903712755,0.04422675816848473,0.024122883538147382,0.013378512347264475,0.007788949512487063,0.004736433306541336,0.0030551425267387224,0.002104409167625375,0.0015879821546677612,0.0015051993223490093,0.0015195650486657028,0.001683641696894389,0.002110785044619294,0.0030551425267388264,0.004736433306541264,0.007770194351014048,0.013277866595317978,0.023826325806658537,0.04451302040936,0.06821229297373378,0.0608923041670134,0.03294565772910259,0.015490876566726503,0.007225298217156987,0.003355174112649664,0.001528670896280246,7.070189476046228E-4,3.193368335097386E-4,1.4741190683886343E-4,6.671497528086694E-5,2.996379538523157E-5,1.35530235761125E-5,5.700671462685268E-6,1.7331934743218586E-6,
2.005982357167487E-6,6.838223848511169E-6,1.6232954006149347E-5,3.692619383324563E-5,8.258342200665826E-5,1.826072368063584E-4,4.062901354183478E-4,8.958995479711735E-4,0.001980891387484303,0.004384053273547452,0.009578662152466645,0.02119005264779703,0.04560216722255879,0.06867207214807416,0.05677067099564161,0.03077310330988287,0.015982749067524844,0.008540883607134526,0.00473643330654145,0.0027266710753423747,0.0017344813120018043,0.0011536803870601537,9.100137361598785E-4,7.713975197049894E-4,7.713975197049044E-4,9.100137361602173E-4,0.0011536803870600884,0.0017344813120019143,0.0027266710753422498,0.004736433306541301,0.008540883607134868,0.015772853921072222,0.030839455721747577,0.05718912339012892,0.0686188806966715,0.045433156378094315,0.021009820617084122,0.009658040483459794,0.004378903323057955,0.001986370778011523,8.988639013714298E-4,4.0285205166516757E-4,1.8182270550743011E-4,8.136860627552387E-5,3.658784069623037E-5,1.635132233995087E-5,6.796205409194192E-6,1.9745757473066796E-6,
2.230238855344664E-6,7.863069756302067E-6,1.8864965269721346E-5,4.3372657870200316E-5,9.766087117205315E-5,2.151170734147723E-4,4.901821071684772E-4,0.0010908888119390769,0.0024497322536326718,0.005448608243036312,0.012194625234689997,0.027377991917154433,0.056291781295738065,0.06827433758161273,0.04490126700244846,0.022439023752070835,0.011270615868069801,0.005772657020086884,0.003058995904381723,0.0017344813120019212,0.0010606601717798527,6.464149718901224E-4,5.059943968929528E-4,3.884883299108159E-4,3.884883299107097E-4,5.059943968928019E-4,6.464149718901771E-4,0.001060660171779839,0.0017344813120018295,0.003055142526738665,0.005819669269501004,0.011170061126004086,0.022169676096530946,0.04511794982969226,0.06843413282021617,0.05618704257305888,0.027361381910291707,0.012218897945993921,0.005445830043555363,0.0024620514936626314,0.001087759592787666,4.8523449658078265E-4,2.2033013387503343E-4,9.690758744812672E-5,4.2942667643941864E-5,1.8933084463222176E-5,7.870279847197344E-6,2.2076577823345213E-6,
2.42543327458936E-6,8.673647850266504E-6,2.109494463803879E-5,4.891892176691232E-5,1.1088929317220029E-4,2.475852685184861E-4,5.589737257936383E-4,0.0012617323289824162,0.0028845923318527597,0.0064874680855482566,0.01454273134742039,0.03336818938627557,0.06344911157254465,0.06408892014757382,0.03554276384684877,0.017278116147509653,0.008437746289454227,0.004323286778148546,0.002193796975262895,0.0011536803870600544,6.464149718900461E-4,3.535533905930723E-4,1.7776882764368215E-4,1.2500000000011498E-4,1.2500000000011498E-4,1.7776882764395643E-4,3.53553390593055E-4,6.464149718900061E-4,0.0011536803870599395,0.0021044091676258067,0.004315651841019762,0.00863884821946053,0.017329136707442423,0.03561372835606917,0.06403632285806855,0.06316045355655332,0.03333148289992268,0.014639206139946653,0.006505383832643525,0.00286766519968682,0.0012610595915839963,5.59505050357385E-4,2.49510190386467E-4,1.0967724626765641E-4,4.80923187707635E-5,2.1162760990715587E-5,8.732346256146313E-6,2.4156658989122983E-6,
2.577085866637069E-6,9.383398930747479E-6,2.2911525135396588E-5,5.2366208127965735E-5,1.193779455648623E-4,2.712230800529464E-4,6.129586586080117E-4,0.0013876335473691458,0.0031861966659885305,0.007314568403356985,0.016652537813139495,0.038275891964627426,0.06553659962854741,0.05954798670805395,0.03076460657255268,0.0145895593018666,0.007164935850140902,0.003489033305231715,0.0016041129124619172,9.100137361602054E-4,5.059943968927354E-4,1.777688276438904E-4,1.87551614731029E-5,5.08395238851006E-17,5.08395238851006E-17,1.8755161473129405E-5,1.7776882764375133E-4,5.059943968927746E-4,9.100137361601697E-4,0.0015879821546678082,0.0033719240879604155,0.0071909491393838156,0.014718248640858004,0.030797783961059293,0.05956188641477704,0.06559658803056369,0.038267491481083486,0.016559387931677844,0.007314290525814647,0.0031951360590985294,0.001389325854614284,6.136483380642281E-4,2.695891436614829E-4,1.1873981797882113E-4,5.2152278094585484E-5,2.2636215950637887E-5,9.380430293303848E-6,2.5784779624517704E-6,
2.654746516016912E-6,9.749158297842243E-6,2.388373838910365E-5,5.49938654809704E-5,1.231502889720907E-4,2.8144687692376394E-4,6.44111615036521E-4,0.0014666131517080262,0.0033600051488572947,0.007710892864499239,0.01783708498959016,0.04134211926642364,0.06597832351498335,0.05659818154857902,0.028716462698556874,0.01360175536203043,0.006459673534380342,0.0030442489163356626,0.0015051993223490852,7.713975197048919E-4,3.884883299106098E-4,1.249999999999243E-4,5.08395238851006E-17,5.08395238851006E-17,5.08395238851006E-17,5.08395238851006E-17,1.2499999999994696E-4,3.884883299107958E-4,7.71397519705024E-4,0.0015051993223490628,0.0030303144717301277,0.006440575860003957,0.0136077325337759,0.028735098255461892,0.05659937176472006,0.06602273761273486,0.04133638345272439,0.01778634695063906,0.007725408763006305,0.003369040330153002,0.0014665484140516825,6.409111312502921E-4,2.801026117180759E-4,1.24086207404011E-4,5.4996934064650815E-5,2.3832688573817967E-5,9.736901872373477E-6,2.6659699267053713E-6,
2.6534836145884234E-6,9.749398008330343E-6,2.387214582525963E-5,5.461094515231803E-5,1.2401741191784922E-4,2.815522503415454E-4,6.446716600448727E-4,0.0014778096756837562,0.0033844164621914196,0.007769401892152963,0.017892907429915644,0.041253709765513624,0.06589793168023424,0.05659937176472003,0.028721190604662678,0.013628235990549367,0.006453000503566411,0.003030314471729834,0.0015051993223488785,7.713975197048468E-4,3.8848832991054456E-4,1.249999999999243E-4,5.08395238851006E-17,5.08395238851006E-17,5.08395238851006E-17,5.08395238851006E-17,1.2499999999994696E-4,3.750000000001644E-4,7.633771079039324E-4,0.0015173816218067085,0.003030314471729943,0.006340670252344609,0.013496829681797887,0.028809336512669797,0.05659273936341116,0.06611041001295662,0.04146788203150607,0.017706394804502326,0.007692061226667772,0.003363739434720423,0.0014691033677197993,6.410403152543121E-4,2.7970587466311287E-4,1.2413393666067864E-4,5.5387556176882276E-5,2.3759399365227944E-5,9.736661854238366E-6,2.667233131217956E-6,
2.566207898686845E-6,9.389026884828574E-6,2.28340589863063E-5,5.250347613254248E-5,1.1936568101781036E-4,2.693268604185287E-4,6.179231706654836E-4,0.0014114603095463753,0.003190613458208193,0.007274149389781044,0.01667994973001578,0.038205356736146195,0.0654991398848873,0.059560566826723386,0.030768407694281602,0.014800033289233573,0.007180543250562329,0.0033930978050679787,0.0016041129124620712,9.100137361600422E-4,5.059943968927295E-4,1.777688276439082E-4,1.8755161473126326E-5,5.08395238851006E-17,5.08395238851006E-17,1.875516147314741E-5,1.777688276439022E-4,4.121451903660533E-4,9.100137361600353E-4,0.001683641696894417,0.003371924087960351,0.007084024018635551,0.014612115469686125,0.030782716137372587,0.059551359303887004,0.06572683279978596,0.03833257285890252,0.016525773486150145,0.007318300526611635,0.0032210818744249905,0.001409321376054474,6.148003129754036E-4,2.6899364271684045E-4,1.1858629982687118E-4,5.2583999223460086E-5,2.269690689422254E-5,9.386059766293908E-6,2.587101483424561E-6,
2.4153490906083323E-6,8.714365626775538E-6,2.119569814236183E-5,4.827032559945256E-5,1.0875667633455623E-4,2.483457947734866E-4,5.665181481645521E-4,0.001275659662936554,0.0028435226142270796,0.0064878478095754385,0.014663251310034018,0.03331839381092137,0.06328782722400449,0.06409120409469908,0.03550142483370721,0.017303580897763307,0.008562159652009654,0.004315651841019623,0.002193796975262981,0.0011536803870602394,6.464149718900092E-4,3.535533905932574E-4,1.7776882764373027E-4,1.2499999999992929E-4,1.2499999999992929E-4,1.7776882764385888E-4,3.535533905933669E-4,6.43572128309374E-4,0.00120182199996649,0.0021220832183081254,0.004315651841019816,0.00863042115974082,0.017269105207543423,0.035415143912775955,0.06405812356444218,0.06333397066763717,0.03333605969865532,0.014742220862904788,0.0065213223178387176,0.0028638159510397374,0.0012663222481894536,5.603379843006335E-4,2.4733566416078236E-4,1.0878635400942594E-4,4.80207135858878E-5,2.1095111895667872E-5,8.769628462399804E-6,2.4108064699532156E-6,
2.207657782334514E-6,7.857508890534737E-6,1.892869857353064E-5,4.275752679530398E-5,9.576479436211961E-5,2.170016786708027E-4,4.887429540888796E-4,0.0010933508116502675,0.002438577914603179,0.005487013268462562,0.01223229718058653,0.02713983560127392,0.05636958342287513,0.06849176896738103,0.044757191332645836,0.022330039792351306,0.011259583413333723,0.005772657020086899,0.0030589959043817797,0.001734481312001931,0.0010606601717797178,6.464149718899523E-4,5.059943968929413E-4,3.8848832991098724E-4,3.884883299106349E-4,5.059943968930156E-4,6.464149718901465E-4,0.0010606601717798561,0.0017344813120019403,0.0030551425267387965,0.005801648180529567,0.01116431724414864,0.022248538097885264,0.044615746207379105,0.06853501818149772,0.0565890020101591,0.02736927743940775,0.012248456113989897,0.005492640862006116,0.002437854022428979,0.0010905287445468113,4.8760322468611355E-4,2.1689134628507102E-4,9.62724027700384E-5,4.291072824810267E-5,1.8909910317888095E-5,7.835288425940172E-6,2.206744881246516E-6,
1.9758066651940037E-6,6.786274493175489E-6,1.6250152983264378E-5,3.620186885789739E-5,8.186970652779724E-5,1.7967290717688404E-4,4.057452092516285E-4,9.050601589608443E-4,0.0019820945486600746,0.004382037121331415,0.009652109327689461,0.0210590455253657,0.045456391076487516,0.06894913595526507,0.056803314732766945,0.03040860067718198,0.015848204122025197,0.008484971824006394,0.004717788298157691,0.002726671075342445,0.0017344813120019104,0.001153680387060137,9.100137361599517E-4,7.713975197047818E-4,7.713975197046246E-4,9.100137361601653E-4,0.0011536803870600637,0.0017344813120021767,0.002726671075342388,0.004736433306541264,0.008460273223719969,0.015978136003300183,0.030570180161265163,0.057137780373995924,0.06938510902345589,0.045400695051416466,0.021044381625288346,0.00957838348519638,0.004367169625931867,0.0019731898692757206,9.008366080155314E-4,4.047827715959487E-4,1.8002144775109783E-4,8.153007907067493E-5,3.679566053138839E-5,1.613402198438105E-5,6.793139114740074E-6,1.984677898908516E-6,
1.7299248227565946E-6,5.660587812792266E-6,1.3424612357152738E-5,2.9907509967860875E-5,6.639093146123486E-5,1.472973400658581E-4,3.2077179223230485E-4,7.01230552930468E-4,0.0015410789698243439,0.0033329825051143114,0.007199617288875145,0.015420301670970258,0.032943734651675174,0.061514352626140925,0.06863488923951945,0.0440612749451731,0.023942505958512005,0.013378512347264372,0.007719630387931928,0.004736433306541501,0.0030589959043819024,0.0022005073714432962,0.0016996329719108352,0.0015195650486659015,0.0015195650486660574,0.0016996329719108903,0.0022005073714433674,0.003058995904381893,0.004736433306541461,0.007788949512487054,0.013395631249832536,0.024202154493673265,0.04420233743711556,0.06845976096361027,0.06101421579564848,0.03266733460192236,0.015445946471616715,0.0071338831251038645,0.003330151255590812,0.001536863418797723,7.050200000105415E-4,3.214289486070558E-4,1.4635320266345172E-4,6.671996841342681E-5,3.0042411964580377E-5,1.3403470931013734E-5,5.684679262268031E-6,1.7352971621189726E-6,
1.4652641790742873E-6,4.575597873550082E-6,1.079626557955158E-5,2.398315471991352E-5,5.2307084208786055E-5,1.1364799495539432E-4,2.448585489878196E-4,5.269297739306387E-4,0.0011360119294351028,0.002430148416328496,0.005118415177249437,0.010760160452689837,0.022211172709862673,0.044868262047792595,0.0693512379949003,0.06283500773049812,0.038058566165509386,0.022180348048021378,0.013304905123565334,0.008522421616349585,0.005772657020086861,0.004281199823891239,0.0033930978050680863,0.0030368316276150804,0.003036831627615218,0.00339309780506767,0.004281199823891271,0.00577265702008717,0.008540883607134652,0.01335982433528579,0.022186114259592084,0.03822899941791825,0.06214944674498335,0.06892825585570628,0.044996392793932215,0.022294069920666227,0.010741433266625125,0.0051454563264177414,0.002414362696698676,0.001139088041088003,5.298858192416771E-4,2.439737885920575E-4,1.1391001651706991E-4,5.193670161446112E-5,2.3866815029251603E-5,1.0785951629928939E-5,4.608596856345092E-6,1.4652641790742883E-6,
1.2461001144720733E-6,3.6154933508249645E-6,8.389147470742077E-6,1.847874578526278E-5,3.970102159970902E-5,8.415742145962387E-5,1.8052041970311556E-4,3.8439093549105997E-4,8.076284645855469E-4,0.0016884989864142598,0.003490474407237116,0.00712708569973155,0.014371616459020227,0.02866541677552165,0.053238929830829756,0.07111912376447692,0.05976887438158383,0.038105569081483465,0.02394533721440097,0.01589635492457369,0.011277154767985546,0.008537011710761443,0.006987559398136071,0.006414103863716749,0.006342294191688303,0.007058036550401614,0.008435217399973072,0.011145974805400902,0.01579106260415728,0.02396094824143436,0.038299370153159894,0.05978775099742225,0.07078774899983951,0.053381981523001554,0.028956074958379038,0.014538198970322564,0.007103072929173566,0.0035125471206319037,0.0016833975715627167,8.044639087687207E-4,3.811028799618278E-4,1.7985352592897398E-4,8.490533891968942E-5,3.914824466759482E-5,1.8243124427993108E-5,8.374084031357852E-6,3.638350374490389E-6,1.2364765342717732E-6,
9.607755243387487E-7,2.745561687999321E-6,6.276860006648616E-6,1.374146273812891E-5,2.9048422786279826E-5,6.0967706098366335E-5,1.289244673507658E-4,2.687579303772894E-4,5.519207339588296E-4,0.0011241874263935824,0.0022782086279687238,0.004536588233033545,0.008897630009446135,0.017242606718545057,0.03266980669224138,0.05622815491100985,0.07111912376447684,0.06279608324884178,0.04418235994976358,0.030652370562736987,0.022408875695309773,0.017416834027862822,0.014718248640858344,0.01360175536203066,0.013515925522320886,0.014707420088288917,0.01734551479033944,0.022228789678372263,0.030470212662863237,0.044179029643616766,0.06274493802711062,0.07105560008189062,0.056145682321032286,0.032630019096700776,0.01743092617950253,0.008972157400604626,0.00453818167800821,0.002308409616941172,0.001123779027858737,5.422387866807604E-4,2.6444931673275324E-4,1.2868529428542176E-4,6.105830486117393E-5,2.8669544549046954E-5,1.3574908238452371E-5,6.262045588249385E-6,2.7627660529915784E-6,9.720470912439339E-7,
7.405623903811737E-7,2.011031098163655E-6,4.510136012625375E-6,9.724673173524294E-6,2.0469183989639222E-5,4.278051231196794E-5,8.841424034758821E-5,1.8109561572457532E-4,3.657864391173069E-4,7.308463170106372E-4,0.0014434855151775339,0.002794618561462428,0.005311296780777692,0.009972909071348722,0.018317904152531855,0.03260412699393237,0.05314326566072177,0.06909666407264435,0.06840777101419765,0.05702992392711959,0.04502687382602801,0.03567038494896654,0.030884022165324976,0.02863674644010372,0.028689967365744043,0.030745311509177187,0.03577108788021229,0.044731624669494464,0.057008335720910054,0.06863488923951956,0.06927882533154506,0.05320550788188945,0.03238649111118122,0.018333893136207913,0.010064486301750443,0.005330522963299632,0.002825153839003331,0.0014378711027368052,7.15272279924193E-4,3.601866843901527E-4,1.8081848206869837E-4,8.83182172163246E-5,4.202773563014336E-5,2.0305218247733975E-5,9.71728387106041E-6,4.5394403858230996E-6,2.0344280156112592E-6,7.612732240946059E-7,
5.578458630115297E-7,1.4620947981438157E-6,3.171559564021453E-6,6.821611632349458E-6,1.4160507306373538E-5,2.865574139981364E-5,5.828379940518301E-5,1.1811925785449498E-4,2.3431865469260402E-4,4.5850893055706326E-4,8.88148548835284E-4,0.0016872205977607935,0.003108210055196415,0.00565387450583238,0.010003400786366827,0.017211264493669488,0.028726899291320662,0.04477839748106648,0.06125218447655146,0.06876248665043906,0.06817567164283164,0.06398483321284448,0.059574811080128895,0.05662915826474353,0.05682262138889466,0.05980937346961738,0.06399897941019318,0.06832222112400245,0.06914279529744152,0.06131948019514118,0.044766263315228816,0.02849194366390937,0.017218835718225228,0.010042441365149219,0.0056485259840345445,0.0031182354917756437,0.0016648923302087677,8.758638699510202E-4,4.5163467587796435E-4,2.3384725835367447E-4,1.1731124419060274E-4,5.7697116992778346E-5,2.8095293374080425E-5,1.39679674617696E-5,6.780589746387005E-6,3.205945531857833E-6,1.4519587675030531E-6,5.730113815491294E-7,
4.136865192596872E-7,1.0220309020433816E-6,2.2142960793568973E-6,4.605075237617575E-6,9.562053964120852E-6,1.9050923049245212E-5,3.7780495024764826E-5,7.4319152624336E-5,1.4477678764137288E-4,2.7876994028613585E-4,5.23779116067396E-4,9.753691705182127E-4,0.0017741901987059331,0.00313766967059005,0.005416247304617909,0.008970215902646699,0.01447141380115626,0.0223399054487926,0.03285074137415279,0.04532627966393478,0.056250605560037435,0.06302805195836131,0.06549913988488723,0.06608532384936039,0.06602829091615453,0.06557503631760427,0.0630585604111929,0.056431193880675724,0.04549193457495164,0.03277734814180627,0.022294161559068878,0.014450596111605162,0.008983985823852866,0.005378683055484834,0.0031233105306422647,0.0017514115322860453,9.6755902963205E-4,5.228221316605732E-4,2.749351807674236E-4,1.4324347376545727E-4,7.335303249557936E-5,3.6795926310949816E-5,1.863202021155904E-5,9.371143830118528E-6,4.593338517776488E-6,2.2003273634635995E-6,1.0270734520245988E-6,4.1924114661308193E-7,
3.010419632950456E-7,7.008533140582723E-7,1.497296917493679E-6,3.076103674912987E-6,6.151289790880724E-6,1.2196434763702675E-5,2.3771277248046478E-5,4.604378853408739E-5,8.716354702194855E-5,1.641700518773072E-4,3.0447756070571194E-4,5.486265035955334E-4,9.737080345700928E-4,0.0016933932191189167,0.0028274989311044816,0.0045938661709174185,0.007140813787530871,0.01077310170500268,0.015319679173171766,0.021038769962672323,0.027533173648266865,0.033369528040945416,0.03824822799722382,0.04133210992935789,0.04117074568627231,0.03808505050429612,0.03331786339948053,0.027360966947849084,0.021118671689890345,0.015497331812905208,0.01077153208066288,0.00716093700719042,0.004564384292545385,0.002816250740217655,0.0016762045075652888,9.659845821341474E-4,5.49589248476192E-4,3.0169322045141414E-4,1.6296599807106215E-4,8.672767623600138E-5,4.4873286544164416E-5,2.3258242159019152E-5,1.1973204449714568E-5,6.107002889660745E-6,3.01849221458283E-6,1.4861921246328283E-6,7.054295343139917E-7,2.9777893071870014E-7,
2.1212421237927245E-7,4.6935928888587415E-7,9.843227238984504E-7,1.985782895129968E-6,3.938387052507388E-6,7.630384455813186E-6,1.4585965419372865E-5,2.7549362993022986E-5,5.15045700609242E-5,9.448519208163078E-5,1.710965439662499E-4,3.037811682200773E-4,5.233742090861693E-4,8.813702151739692E-4,0.0014479019649472197,0.0022784400461657406,0.0034940533221485036,0.005119699908867242,0.007194441818945843,0.009639255611089808,0.012157327739148526,0.014726130970693623,0.0166855367761279,0.017849746981618928,0.017914906522735804,0.016684855846207367,0.014650258268916869,0.012226335142501765,0.009628510673574339,0.007198364777560909,0.00510905488097065,0.0034811718357645855,0.0022923446911929293,0.0014506632854353067,8.829095430195634E-4,5.259606034391559E-4,3.038634962076339E-4,1.709967410441433E-4,9.479428856052195E-5,5.108041868585206E-5,2.710978701483421E-5,1.4335407556982294E-5,7.457556517880066E-6,3.853170437824229E-6,1.9495433414398576E-6,9.76732071390635E-7,4.6589929936851186E-7,2.0570449619348983E-7,
1.443713483967644E-7,3.086045307115564E-7,6.307548907380964E-7,1.2531934798183449E-6,2.4357967150205296E-6,4.689496271263682E-6,8.812423117861296E-6,1.633186046963253E-5,2.9767304267737424E-5,5.359934335953145E-5,9.417876550838264E-5,1.6255911885745038E-4,2.7567680258730644E-4,4.5261637735132947E-4,7.241736105392275E-4,0.0011276158013676972,0.0016883379295267284,0.0024165468930048696,0.003325310885629558,0.0043527725623202845,0.005503207651869013,0.006511922418414137,0.00731672013754363,0.0077076994373473625,0.007752366763229062,0.007287785203135701,0.006493716215506784,0.005462077386862764,0.004376756143614795,0.003342124614754017,0.0024250263847920826,0.001689639707641357,0.001132654550970497,7.337241826992462E-4,4.5972123459943863E-4,2.7803172954060006E-4,1.638154236157471E-4,9.462201975149878E-5,5.354369100367416E-5,2.9570108940797125E-5,1.615457672101242E-5,8.657391302157733E-6,4.572146840422671E-6,2.3836774878946996E-6,1.240509539460335E-6,6.205128409367665E-7,3.0014991516512246E-7,1.392641854292612E-7,
9.590742366939928E-8,1.9634487471106952E-7,3.974817363006309E-7,7.733994616287828E-7,1.4777465680297918E-6,2.781279970117649E-6,5.172600475366787E-6,9.457156732365572E-6,1.6917118120181416E-5,2.989052742605955E-5,5.151827311596168E-5,8.66629980186993E-5,1.4330754007309287E-4,2.323608632228592E-4,3.630546291587107E-4,5.519214090731511E-4,8.098150825899897E-4,0.001133546328881128,0.0015279113204623382,0.0019850683794455813,0.0024574375084402463,0.0028770593136143528,0.003172452718438564,0.003347035442229125,0.0033655582113296194,0.0031816570652480752,0.0028668528725353686,0.0024544319920149784,0.0019882856891649653,0.0015277204497334688,0.0011432341668005986,8.112415107215271E-4,5.568079008230624E-4,3.676930988869136E-4,2.331107651412293E-4,1.4532489368907268E-4,8.767733940874427E-5,5.182537246435677E-5,2.9924982639944657E-5,1.692957789849726E-5,9.355691248100519E-6,5.090234921278835E-6,2.7418465602238434E-6,1.4663253600213655E-6,7.591301032749968E-7,3.89732012146596E-7,1.9306195235388065E-7,9.299711356136375E-8,
6.316030506349254E-8,1.2349186258359295E-7,2.448768769351529E-7,4.66283819099103E-7,8.801041955765697E-7,1.6292063702355216E-6,2.953459122320632E-6,5.329082877822657E-6,9.426547326225294E-6,1.6240982146428947E-5,2.757752208819192E-5,4.547299798303841E-5,7.343652611672231E-5,1.1642546101821508E-4,1.8032957224780786E-4,2.67308830457892E-4,3.8464378127278095E-4,5.290606438818724E-4,6.994928106170134E-4,8.927489180969983E-4,0.0010915890545760765,0.0012733848312937246,0.0013901344347112417,0.0014652718356432228,0.00146640072590499,0.0013980633864368699,0.001271025422521212,0.0010918932299687268,8.928978306963612E-4,7.074860240053638E-4,5.296880422517407E-4,3.8613323678687693E-4,2.7021262535655E-4,1.8063107164364463E-4,1.1807890568961954E-4,7.47386221932327E-5,4.617385201304253E-5,2.7857098732452035E-5,1.6367052658208656E-5,9.357158489163642E-6,5.2749470651463944E-6,2.955160593297682E-6,1.6241906866500147E-6,8.683594041744E-7,4.6403715507113824E-7,2.403321069872192E-7,1.2195679347769702E-7,6.098150179953452E-8,
4.05384006426528E-8,7.651414112916989E-8,1.4850195168806183E-7,2.7999392753456235E-7,5.109896711762026E-7,9.388286479490878E-7,1.6836028267048548E-6,2.938078713974644E-6,5.145299075104732E-6,8.723366141788312E-6,1.4421168297174016E-5,2.34374929861162E-5,3.7122605666303726E-5,5.7379394818958527E-5,8.721138907123782E-5,1.2805505647395257E-4,1.7990194868148737E-4,2.4533603772714305E-4,3.212471962405362E-4,4.040455619232015E-4,4.843813430726458E-4,5.562829961543665E-4,6.135313242416579E-4,6.418888227527318E-4,6.41410575865581E-4,6.162578564130555E-4,5.591288027224126E-4,4.879504929830548E-4,4.080288001804738E-4,3.219526793910089E-4,2.458117165438702E-4,1.829902958272868E-4,1.3009734346581305E-4,8.870537577204401E-5,5.9021136834808434E-5,3.78694132470288E-5,2.382781504555293E-5,1.4587101142501251E-5,8.74846533553104E-6,5.151613204921534E-6,2.976477717302385E-6,1.6901670388537777E-6,9.309305971119404E-7,5.131712754401756E-7,2.752803164190841E-7,1.4555830154425633E-7,7.537932526081411E-8,3.934726849000027E-8,
2.5188457353540673E-8,4.617556821265847E-8,8.782432269050804E-8,1.6266929156267103E-7,2.9693801784347283E-7,5.272272936346343E-7,9.355204990176864E-7,1.6234013615035178E-6,2.744700533931495E-6,4.616464094099407E-6,7.519348683743245E-6,1.1990963120211793E-5,1.8812046566425743E-5,2.850001869589908E-5,4.195575235822137E-5,6.039719555501517E-5,8.382557606558107E-5,1.1265526582267E-4,1.4548833278110794E-4,1.8094362018890523E-4,2.1603919585802686E-4,2.471463003056375E-4,2.702927992023051E-4,2.817055991448748E-4,2.8117984489600304E-4,2.709903838901489E-4,2.506726919668722E-4,2.156646669203779E-4,1.7989589372938188E-4,1.4532384325268878E-4,1.1453834947105493E-4,8.620324091905612E-5,6.17762736510776E-5,4.3072881401398546E-5,2.878453180044248E-5,1.9034678297673828E-5,1.2178757702861719E-5,7.607279884231479E-6,4.687735279343533E-6,2.7877563475156427E-6,1.6408370655460552E-6,9.378852764623499E-7,5.314861952647668E-7,2.9550674723593985E-7,1.6072402037512183E-7,8.7078161652191E-8,4.5577237620965476E-8,2.4807841025754085E-8,
1.5494135688810978E-8,2.7302711197227688E-8,5.153811267053083E-8,9.348807020471062E-8,1.6681241521111742E-7,2.9593822100179724E-7,5.119426275722074E-7,8.737296069377716E-7,1.4690370664632633E-6,2.409863996580116E-6,3.869839697815838E-6,6.131653711641747E-6,9.407268179956639E-6,1.4093515481669542E-5,2.0453143093779852E-5,2.8880924522949196E-5,3.930161556023139E-5,5.2172719395023655E-5,6.667584244908157E-5,8.191909437628572E-5,9.708436355950308E-5,1.097530086083024E-4,1.1954045161075622E-4,1.2399447834252913E-4,1.2404817579838315E-4,1.1845948548718175E-4,1.1060435584154064E-4,9.727271169077698E-5,8.183886344682077E-5,6.673833241135817E-5,5.2632371730296976E-5,3.965175077106693E-5,2.8572543316446632E-5,2.042869112140356E-5,1.4101587910322563E-5,9.571597434352509E-6,6.183318682554237E-6,3.961114862224889E-6,2.4413760660727206E-6,1.4816493193476113E-6,8.817528798652948E-7,5.149618590832032E-7,2.971953501179203E-7,1.6611847210710528E-7,9.34018771691785E-8,5.107374209502202E-8,2.713175615030617E-8,1.52409525261802E-8,
9.427276454314776E-9,1.61550922582924E-8,2.944674174538539E-8,5.3261503411748084E-8,9.344333727937857E-8,1.6148892329643272E-7,2.769053662744972E-7,4.649340110574805E-7,7.610259227331493E-7,1.24727951866217E-6,1.965409566169195E-6,3.0383572087777005E-6,4.610645432368492E-6,6.805319529059708E-6,9.731972998211285E-6,1.3510550979897135E-5,1.8331204983445014E-5,2.3874313672925127E-5,3.0016434433072478E-5,3.6672719823507967E-5,4.30711166254116E-5,4.83728841231856E-5,5.2218866917260635E-5,5.450034398475854E-5,5.525718648469876E-5,5.290763716038576E-5,4.858693666987044E-5,4.318969461155942E-5,3.669391982249544E-5,3.014595584389964E-5,2.3987184345841576E-5,1.8114068423548138E-5,1.3674092127338754E-5,9.620038049770353E-6,6.796209379722896E-6,4.629059801393102E-6,3.0841311823332156E-6,1.9925288538176442E-6,1.2559888093561999E-6,7.752385365072856E-7,4.691594677659357E-7,2.8027477619732556E-7,1.6257600481919997E-7,9.390339653602476E-8,5.331595202755563E-8,2.9346120086766593E-8,1.5913368357400652E-8,9.234407041600262E-9,
5.2974430086830075E-9,9.140706749354763E-9,1.6552258237580004E-8,2.934423822682183E-8,5.122604076295932E-8,8.734161670595167E-8,1.4628080351895682E-7,2.422284796432104E-7,3.915017855022924E-7,6.231787513222454E-7,9.843372892627031E-7,1.48474600410061E-6,2.214361538162261E-6,3.2224915644508053E-6,4.561326146457724E-6,6.2806168118654785E-6,8.400326819511194E-6,1.0793543833504857E-5,1.340984375255094E-5,1.610663442242416E-5,1.880428722543337E-5,2.1266786493307255E-5,2.2775001091417377E-5,2.4052815779133362E-5,2.3857559051422267E-5,2.3022409524250883E-5,2.1302085355713735E-5,1.8906607358031427E-5,1.6194353787866412E-5,1.341023929453199E-5,1.0809401127053119E-5,8.3653286167661E-6,6.272196932983122E-6,4.47535683170539E-6,3.1784237249064083E-6,2.2160152883027376E-6,1.496569570883813E-6,9.896417513346843E-7,6.345770776700454E-7,3.9899513339921175E-7,2.4618174690036816E-7,1.4917892168764972E-7,8.837368304010149E-8,5.1677821683082964E-8,2.9495858264427645E-8,1.6559276376735974E-8,9.136199559522477E-9,5.312718253549324E-9,
2.813035294302322E-9,5.070339784089728E-9,9.13114720654013E-9,1.589779891189357E-8,2.7235635177016594E-8,4.586499930447743E-8,7.582522486633117E-8,1.2256696980089724E-7,1.946360156802547E-7,3.0456197220027684E-7,4.7102805031910063E-7,7.083752125046472E-7,1.0250976148844159E-6,1.4503133126161116E-6,2.0405401991221896E-6,2.763525254866238E-6,3.627121469399124E-6,4.596965159125721E-6,5.6991438203849955E-6,6.819259961015906E-6,7.837637833760577E-6,8.715886003563445E-6,9.498954047280414E-6,9.861249617814919E-6,9.78687682172832E-6,9.50663487770652E-6,8.817365205656568E-6,7.829160545346307E-6,6.764083369784283E-6,5.696363106771355E-6,4.642927943957571E-6,3.6330923056163235E-6,2.7297392226074963E-6,2.0097112129090442E-6,1.460775097605395E-6,1.0230038802727938E-6,7.020547427934259E-7,4.7112534860149564E-7,3.075745363400714E-7,1.9670682876711332E-7,1.248439637388239E-7,7.716647205981078E-8,4.63602999008168E-8,2.744302190131313E-8,1.615916856755487E-8,9.156192953481992E-9,5.065259346595146E-9,2.8112895827412413E-9,
1.1749476149139335E-9,2.852621563753385E-9,5.361935493135544E-9,9.256249466506066E-9,1.549943337521707E-8,2.5168769874497806E-8,3.992571336555265E-8,6.191394163607638E-8,9.407869492848385E-8,1.4191114147455425E-7,2.093304373611732E-7,3.012206119239177E-7,4.239546791339125E-7,5.767742836297908E-7,7.631923125920981E-7,9.722394560561767E-7,1.242992422047048E-6,1.4892697823292751E-6,1.7335209158535343E-6,1.98521028768933E-6,2.2050781179365804E-6,2.4147019590124924E-6,2.5634827417176534E-6,2.6167292638670706E-6,2.5994921187008374E-6,2.551590927200667E-6,2.4343727355649784E-6,2.2521625462317208E-6,2.017781705900532E-6,1.7517010220402205E-6,1.4763039098554093E-6,1.1923070665058494E-6,9.358001186103081E-7,7.28713067203454E-7,5.531208759907075E-7,4.1180482254795577E-7,2.998961877552401E-7,2.1058150684576394E-7,1.4348989217862874E-7,9.642666957884556E-8,6.324930907382736E-8,4.057038073642716E-8,2.527383136533773E-8,1.555758680599201E-8,9.414701546654324E-9,5.3092061459610484E-9,2.8128976034307292E-9,1.1384916092933543E-9,
