1.00E+00,1.00E+00,1.00E+00,1.00E+00,1.00E+00,1.00E+00,1.00E+00,1.00E+00,1.00E+00,1.00E+00,1.00E+00,1.00E+00,1.00E+00,1.00E+00,1.00E+00,1.00E+00,1.00E+00,1.00E+00,1.00E+00,1.00E+00,1.00E+00,1.00E+00,9.19E-01,8.87E-01,7.85E-01,7.16E-01,6.49E-01,6.17E-01,6.01E-01,5.83E-01,5.68E-01,5.52E-01,5.35E-01,5.16E-01,4.97E-01,4.76E-01,4.53E-01,4.28E-01,4.01E-01,3.71E-01,3.38E-01,3.02E-01,2.63E-01,2.21E-01,1.76E-01,1.28E-01,7.75E-02,2.60E-02,2.60E-02,7.75E-02,1.28E-01,1.76E-01,2.21E-01,2.63E-01,3.02E-01,3.38E-01,3.71E-01,4.01E-01,4.28E-01,4.53E-01,4.76E-01,4.97E-01,5.16E-01,5.35E-01,5.51E-01,5.67E-01,5.83E-01,6.01E-01,6.20E-01,6.46E-01,7.14E-01,7.85E-01,8.83E-01,9.58E-01,1.00E+00,1.00E+00,1.00E+00,1.00E+00,1.00E+00,1.00E+00,1.00E+00,1.00E+00,1.00E+00,1.00E+00,1.00E+00,1.00E+00,1.00E+00,1.00E+00,1.00E+00,1.00E+00,1.00E+00,1.00E+00,1.00E+00,1.00E+00,1.00E+00,1.00E+00
1.00E+00,1.00E+00,1.00E+00,1.00E+00,1.00E+00,1.00E+00,1.00E+00,1.00E+00,1.00E+00,1.00E+00,1.00E+00,1.00E+00,1.00E+00,1.00E+00,1.00E+00,1.00E+00,1.00E+00,1.00E+00,1.00E+00,1.00E+00,9.36E-01,8.95E-01,8.40E-01,7.36E-01,6.80E-01,6.53E-01,6.39E-01,6.25E-01,6.12E-01,5.99E-01,5.86E-01,5.71E-01,5.55E-01,5.38E-01,5.19E-01,4.99E-01,4.77E-01,4.53E-01,4.26E-01,3.96E-01,3.63E-01,3.27E-01,2.86E-01,2.42E-01,1.93E-01,1.41E-01,8.59E-02,2.89E-02,2.89E-02,8.59E-02,1.41E-01,1.93E-01,2.42E-01,2.86E-01,3.27E-01,3.63E-01,3.96E-01,4.26E-01,4.53E-01,4.77E-01,4.99E-01,5.19E-01,5.38E-01,5.55E-01,5.71E-01,5.85E-01,5.99E-01,6.13E-01,6.25E-01,6.39E-01,6.54E-01,6.77E-01,7.37E-01,8.11E-01,8.87E-01,9.74E-01,1.00E+00,1.00E+00,1.00E+00,1.00E+00,1.00E+00,1.00E+00,1.00E+00,1.00E+00,1.00E+00,1.00E+00,1.00E+00,1.00E+00,1.00E+00,1.00E+00,1.00E+00,1.00E+00,1.00E+00,1.00E+00,1.00E+00,1.00E+00
1.00E+00,1.00E+00,1.00E+00,1.00E+00,1.00E+00,1.00E+00,1.00E+00,1.00E+00,1.00E+00,1.00E+00,1.00E+00,1.00E+00,1.00E+00,1.00E+00,1.00E+00,1.00E+00,1.00E+00,1.00E+00,1.00E+00,9.44E-01,8.73E-01,7.78E-01,7.16E-01,6.87E-01,6.73E-01,6.63E-01,6.52E-01,6.41E-01,6.30E-01,6.18E-01,6.05E-01,5.92E-01,5.77E-01,5.61E-01,5.44E-01,5.25E-01,5.04E-01,4.81E-01,4.55E-01,4.26E-01,3.93E-01,3.56E-01,3.15E-01,2.68E-01,2.16E-01,1.58E-01,9.70E-02,3.27E-02,3.27E-02,9.70E-02,1.58E-01,2.16E-01,2.68E-01,3.15E-01,3.56E-01,3.93E-01,4.26E-01,4.55E-01,4.81E-01,5.04E-01,5.25E-01,5.44E-01,5.61E-01,5.77E-01,5.92E-01,6.05E-01,6.18E-01,6.30E-01,6.41E-01,6.52E-01,6.63E-01,6.74E-01,6.87E-01,7.13E-01,7.72E-01,8.84E-01,9.59E-01,1.00E+00,1.00E+00,1.00E+00,1.00E+00,1.00E+00,1.00E+00,1.00E+00,1.00E+00,1.00E+00,1.00E+00,1.00E+00,1.00E+00,1.00E+00,1.00E+00,1.00E+00,1.00E+00,1.00E+00,1.00E+00,1.00E+00
1.00E+00,1.00E+00,1.00E+00,1.00E+00,1.00E+00,1.00E+00,1.00E+00,1.00E+00,1.00E+00,1.00E+00,1.00E+00,1.00E+00,1.00E+00,1.00E+00,1.00E+00,1.00E+00,1.00E+00,9.28E-01,9.18E-01,8.17E-01,7.54E-01,7.22E-01,7.06E-01,6.96E-01,6.87E-01,6.78E-01,6.69E-01,6.59E-01,6.49E-01,6.38E-01,6.27E-01,6.14E-01,6.01E-01,5.87E-01,5.71E-01,5.54E-01,5.35E-01,5.13E-01,4.89E-01,4.61E-01,4.29E-01,3.93E-01,3.50E-01,3.02E-01,2.46E-01,1.82E-01,1.12E-01,3.80E-02,3.80E-02,1.12E-01,1.82E-01,2.46E-01,3.02E-01,3.50E-01,3.93E-01,4.29E-01,4.61E-01,4.89E-01,5.13E-01,5.35E-01,5.54E-01,5.71E-01,5.87E-01,6.01E-01,6.14E-01,6.27E-01,6.38E-01,6.49E-01,6.59E-01,6.69E-01,6.78E-01,6.87E-01,6.96E-01,7.07E-01,7.21E-01,7.52E-01,8.17E-01,9.16E-01,9.65E-01,1.00E+00,1.00E+00,1.00E+00,1.00E+00,1.00E+00,1.00E+00,1.00E+00,1.00E+00,1.00E+00,1.00E+00,1.00E+00,1.00E+00,1.00E+00,1.00E+00,1.00E+00,1.00E+00,1.00E+00
1.00E+00,1.00E+00,1.00E+00,1.00E+00,1.00E+00,1.00E+00,1.00E+00,1.00E+00,1.00E+00,1.00E+00,1.00E+00,1.00E+00,1.00E+00,1.00E+00,1.00E+00,1.00E+00,9.45E-01,8.87E-01,7.95E-01,7.53E-01,7.35E-01,7.25E-01,7.18E-01,7.10E-01,7.02E-01,6.94E-01,6.86E-01,6.78E-01,6.69E-01,6.59E-01,6.49E-01,6.38E-01,6.27E-01,6.14E-01,6.01E-01,5.85E-01,5.68E-01,5.49E-01,5.28E-01,5.03E-01,4.73E-01,4.38E-01,3.97E-01,3.47E-01,2.87E-01,2.17E-01,1.36E-01,4.62E-02,4.62E-02,1.36E-01,2.17E-01,2.87E-01,3.47E-01,3.97E-01,4.38E-01,4.73E-01,5.03E-01,5.28E-01,5.49E-01,5.68E-01,5.85E-01,6.01E-01,6.14E-01,6.27E-01,6.38E-01,6.49E-01,6.59E-01,6.69E-01,6.78E-01,6.86E-01,6.94E-01,7.02E-01,7.10E-01,7.17E-01,7.25E-01,7.36E-01,7.51E-01,7.96E-01,8.80E-01,9.59E-01,1.00E+00,1.00E+00,1.00E+00,1.00E+00,1.00E+00,1.00E+00,1.00E+00,1.00E+00,1.00E+00,1.00E+00,1.00E+00,1.00E+00,1.00E+00,1.00E+00,1.00E+00,1.00E+00
1.00E+00,1.00E+00,1.00E+00,1.00E+00,1.00E+00,1.00E+00,1.00E+00,1.00E+00,1.00E+00,1.00E+00,1.00E+00,1.00E+00,1.00E+00,1.00E+00,9.85E-01,9.16E-01,8.66E-01,7.88E-01,7.63E-01,7.51E-01,7.45E-01,7.38E-01,7.31E-01,7.25E-01,7.18E-01,7.11E-01,7.04E-01,6.97E-01,6.89E-01,6.81E-01,6.73E-01,6.64E-01,6.54E-01,6.44E-01,6.32E-01,6.20E-01,6.06E-01,5.90E-01,5.72E-01,5.51E-01,5.26E-01,4.95E-01,4.58E-01,4.10E-01,3.49E-01,2.71E-01,1.74E-01,6.02E-02,6.02E-02,1.74E-01,2.71E-01,3.49E-01,4.10E-01,4.58E-01,4.95E-01,5.26E-01,5.51E-01,5.72E-01,5.90E-01,6.06E-01,6.20E-01,6.32E-01,6.44E-01,6.54E-01,6.64E-01,6.73E-01,6.81E-01,6.89E-01,6.97E-01,7.04E-01,7.11E-01,7.18E-01,7.25E-01,7.31E-01,7.38E-01,7.44E-01,7.51E-01,7.64E-01,7.92E-01,8.50E-01,9.21E-01,9.86E-01,1.00E+00,1.00E+00,1.00E+00,1.00E+00,1.00E+00,1.00E+00,1.00E+00,1.00E+00,1.00E+00,1.00E+00,1.00E+00,1.00E+00,1.00E+00,1.00E+00
1.00E+00,1.00E+00,1.00E+00,1.00E+00,1.00E+00,1.00E+00,1.00E+00,1.00E+00,1.00E+00,1.00E+00,1.00E+00,1.00E+00,1.00E+00,9.37E-01,9.39E-01,8.40E-01,7.93E-01,7.78E-01,7.69E-01,7.63E-01,7.57E-01,7.52E-01,7.46E-01,7.41E-01,7.35E-01,7.29E-01,7.23E-01,7.17E-01,7.11E-01,7.04E-01,6.97E-01,6.90E-01,6.83E-01,6.75E-01,6.67E-01,6.57E-01,6.47E-01,6.36E-01,6.23E-01,6.07E-01,5.89E-01,5.66E-01,5.36E-01,4.97E-01,4.42E-01,3.63E-01,2.48E-01,8.97E-02,8.97E-02,2.48E-01,3.63E-01,4.42E-01,4.97E-01,5.36E-01,5.66E-01,5.89E-01,6.07E-01,6.23E-01,6.36E-01,6.47E-01,6.57E-01,6.67E-01,6.75E-01,6.83E-01,6.90E-01,6.97E-01,7.04E-01,7.11E-01,7.17E-01,7.23E-01,7.29E-01,7.35E-01,7.41E-01,7.46E-01,7.52E-01,7.57E-01,7.63E-01,7.69E-01,7.78E-01,7.90E-01,8.38E-01,9.49E-01,9.61E-01,1.00E+00,1.00E+00,1.00E+00,1.00E+00,1.00E+00,1.00E+00,1.00E+00,1.00E+00,1.00E+00,1.00E+00,1.00E+00,1.00E+00,1.00E+00
1.00E+00,1.00E+00,1.00E+00,1.00E+00,1.00E+00,1.00E+00,1.00E+00,1.00E+00,1.00E+00,1.00E+00,1.00E+00,1.00E+00,9.48E-01,9.09E-01,8.46E-01,8.04E-01,7.92E-01,7.85E-01,7.80E-01,7.75E-01,7.71E-01,7.66E-01,7.61E-01,7.57E-01,7.52E-01,7.47E-01,7.42E-01,7.38E-01,7.33E-01,7.28E-01,7.23E-01,7.18E-01,7.13E-01,7.08E-01,7.03E-01,6.97E-01,6.91E-01,6.85E-01,6.78E-01,6.70E-01,6.61E-01,6.49E-01,6.34E-01,6.14E-01,5.83E-01,5.32E-01,4.29E-01,1.92E-01,1.92E-01,4.29E-01,5.32E-01,5.83E-01,6.14E-01,6.34E-01,6.49E-01,6.61E-01,6.70E-01,6.78E-01,6.85E-01,6.91E-01,6.97E-01,7.03E-01,7.08E-01,7.13E-01,7.18E-01,7.23E-01,7.28E-01,7.33E-01,7.38E-01,7.42E-01,7.47E-01,7.52E-01,7.57E-01,7.61E-01,7.66E-01,7.71E-01,7.75E-01,7.80E-01,7.85E-01,7.92E-01,8.02E-01,8.38E-01,9.33E-01,9.63E-01,1.00E+00,1.00E+00,1.00E+00,1.00E+00,1.00E+00,1.00E+00,1.00E+00,1.00E+00,1.00E+00,1.00E+00,1.00E+00,1.00E+00
1.00E+00,1.00E+00,1.00E+00,1.00E+00,1.00E+00,1.00E+00,1.00E+00,1.00E+00,1.00E+00,1.00E+00,1.00E+00,9.51E-01,9.05E-01,8.44E-01,8.14E-01,8.06E-01,8.00E-01,7.96E-01,7.92E-01,7.88E-01,7.84E-01,7.80E-01,7.76E-01,7.73E-01,7.69E-01,7.65E-01,7.62E-01,7.58E-01,7.55E-01,7.52E-01,7.49E-01,7.46E-01,7.44E-01,7.42E-01,7.40E-01,7.38E-01,7.37E-01,7.36E-01,7.36E-01,7.36E-01,7.37E-01,7.38E-01,7.41E-01,7.46E-01,7.55E-01,7.71E-01,8.05E-01,9.16E-01,9.16E-01,8.05E-01,7.71E-01,7.55E-01,7.46E-01,7.41E-01,7.38E-01,7.37E-01,7.36E-01,7.36E-01,7.36E-01,7.37E-01,7.38E-01,7.40E-01,7.42E-01,7.44E-01,7.46E-01,7.49E-01,7.52E-01,7.55E-01,7.58E-01,7.62E-01,7.65E-01,7.69E-01,7.73E-01,7.76E-01,7.80E-01,7.84E-01,7.88E-01,7.92E-01,7.96E-01,8.00E-01,8.06E-01,8.15E-01,8.39E-01,9.26E-01,9.65E-01,1.00E+00,1.00E+00,1.00E+00,1.00E+00,1.00E+00,1.00E+00,1.00E+00,1.00E+00,1.00E+00,1.00E+00,1.00E+00
1.00E+00,1.00E+00,1.00E+00,1.00E+00,1.00E+00,1.00E+00,1.00E+00,1.00E+00,1.00E+00,1.00E+00,9.56E-01,9.07E-01,8.52E-01,8.26E-01,8.19E-01,8.15E-01,8.11E-01,8.08E-01,8.04E-01,8.01E-01,7.98E-01,7.95E-01,7.92E-01,7.89E-01,7.86E-01,7.84E-01,7.81E-01,7.79E-01,7.78E-01,7.76E-01,7.76E-01,7.75E-01,7.75E-01,7.76E-01,7.77E-01,7.80E-01,7.83E-01,7.87E-01,7.92E-01,8.00E-01,8.09E-01,8.21E-01,8.36E-01,8.56E-01,8.83E-01,9.19E-01,9.60E-01,9.95E-01,9.95E-01,9.60E-01,9.19E-01,8.83E-01,8.56E-01,8.36E-01,8.21E-01,8.09E-01,8.00E-01,7.92E-01,7.87E-01,7.83E-01,7.80E-01,7.77E-01,7.76E-01,7.75E-01,7.75E-01,7.76E-01,7.76E-01,7.78E-01,7.79E-01,7.81E-01,7.84E-01,7.86E-01,7.89E-01,7.92E-01,7.95E-01,7.98E-01,8.01E-01,8.04E-01,8.08E-01,8.11E-01,8.15E-01,8.19E-01,8.27E-01,8.51E-01,9.00E-01,9.66E-01,1.00E+00,1.00E+00,1.00E+00,1.00E+00,1.00E+00,1.00E+00,1.00E+00,1.00E+00,1.00E+00,1.00E+00
1.00E+00,1.00E+00,1.00E+00,1.00E+00,1.00E+00,1.00E+00,1.00E+00,1.00E+00,1.00E+00,9.59E-01,9.14E-01,8.62E-01,8.39E-01,8.32E-01,8.28E-01,8.25E-01,8.22E-01,8.19E-01,8.17E-01,8.14E-01,8.11E-01,8.09E-01,8.07E-01,8.05E-01,8.03E-01,8.02E-01,8.01E-01,8.00E-01,8.00E-01,8.01E-01,8.02E-01,8.04E-01,8.06E-01,8.10E-01,8.14E-01,8.19E-01,8.26E-01,8.34E-01,8.44E-01,8.55E-01,8.69E-01,8.85E-01,9.03E-01,9.24E-01,9.46E-01,9.68E-01,9.87E-01,9.98E-01,9.98E-01,9.87E-01,9.68E-01,9.46E-01,9.24E-01,9.03E-01,8.85E-01,8.69E-01,8.55E-01,8.44E-01,8.34E-01,8.26E-01,8.19E-01,8.14E-01,8.10E-01,8.06E-01,8.04E-01,8.02E-01,8.01E-01,8.00E-01,8.00E-01,8.01E-01,8.02E-01,8.03E-01,8.05E-01,8.07E-01,8.09E-01,8.11E-01,8.14E-01,8.17E-01,8.19E-01,8.22E-01,8.25E-01,8.29E-01,8.32E-01,8.38E-01,8.58E-01,9.01E-01,9.68E-01,1.00E+00,1.00E+00,1.00E+00,1.00E+00,1.00E+00,1.00E+00,1.00E+00,1.00E+00,1.00E+00
1.00E+00,1.00E+00,1.00E+00,1.00E+00,1.00E+00,1.00E+00,1.00E+00,1.00E+00,9.56E-01,9.21E-01,8.73E-01,8.50E-01,8.45E-01,8.41E-01,8.38E-01,8.36E-01,8.33E-01,8.31E-01,8.29E-01,8.27E-01,8.25E-01,8.23E-01,8.22E-01,8.21E-01,8.20E-01,8.20E-01,8.20E-01,8.21E-01,8.23E-01,8.25E-01,8.28E-01,8.31E-01,8.36E-01,8.42E-01,8.48E-01,8.56E-01,8.65E-01,8.75E-01,8.87E-01,8.99E-01,9.13E-01,9.28E-01,9.43E-01,9.59E-01,9.73E-01,9.85E-01,9.94E-01,9.99E-01,9.99E-01,9.94E-01,9.85E-01,9.73E-01,9.59E-01,9.43E-01,9.28E-01,9.13E-01,8.99E-01,8.87E-01,8.75E-01,8.65E-01,8.56E-01,8.48E-01,8.42E-01,8.36E-01,8.31E-01,8.28E-01,8.25E-01,8.23E-01,8.21E-01,8.20E-01,8.20E-01,8.20E-01,8.21E-01,8.22E-01,8.23E-01,8.25E-01,8.27E-01,8.29E-01,8.31E-01,8.33E-01,8.36E-01,8.38E-01,8.41E-01,8.45E-01,8.50E-01,8.70E-01,9.15E-01,9.68E-01,1.00E+00,1.00E+00,1.00E+00,1.00E+00,1.00E+00,1.00E+00,1.00E+00,1.00E+00
1.00E+00,1.00E+00,1.00E+00,1.00E+00,1.00E+00,1.00E+00,1.00E+00,9.52E-01,9.28E-01,8.81E-01,8.61E-01,8.56E-01,8.53E-01,8.51E-01,8.48E-01,8.46E-01,8.44E-01,8.42E-01,8.41E-01,8.39E-01,8.38E-01,8.37E-01,8.37E-01,8.37E-01,8.37E-01,8.38E-01,8.40E-01,8.42E-01,8.44E-01,8.48E-01,8.52E-01,8.58E-01,8.64E-01,8.71E-01,8.79E-01,8.88E-01,8.98E-01,9.09E-01,9.20E-01,9.32E-01,9.44E-01,9.55E-01,9.66E-01,9.77E-01,9.85E-01,9.92E-01,9.97E-01,1.00E+00,1.00E+00,9.97E-01,9.92E-01,9.85E-01,9.77E-01,9.66E-01,9.55E-01,9.44E-01,9.32E-01,9.20E-01,9.09E-01,8.98E-01,8.88E-01,8.79E-01,8.71E-01,8.64E-01,8.58E-01,8.52E-01,8.48E-01,8.44E-01,8.42E-01,8.40E-01,8.38E-01,8.37E-01,8.37E-01,8.37E-01,8.37E-01,8.38E-01,8.39E-01,8.41E-01,8.42E-01,8.44E-01,8.46E-01,8.48E-01,8.51E-01,8.53E-01,8.56E-01,8.61E-01,8.78E-01,9.33E-01,9.68E-01,1.00E+00,1.00E+00,1.00E+00,1.00E+00,1.00E+00,1.00E+00,1.00E+00
1.00E+00,1.00E+00,1.00E+00,1.00E+00,1.00E+00,1.00E+00,9.59E-01,9.39E-01,8.97E-01,8.72E-01,8.67E-01,8.64E-01,8.62E-01,8.60E-01,8.58E-01,8.56E-01,8.55E-01,8.54E-01,8.52E-01,8.52E-01,8.51E-01,8.51E-01,8.51E-01,8.52E-01,8.54E-01,8.55E-01,8.58E-01,8.61E-01,8.65E-01,8.70E-01,8.76E-01,8.82E-01,8.89E-01,8.97E-01,9.06E-01,9.15E-01,9.25E-01,9.35E-01,9.44E-01,9.54E-01,9.63E-01,9.72E-01,9.80E-01,9.86E-01,9.92E-01,9.96E-01,9.98E-01,1.00E+00,1.00E+00,9.98E-01,9.96E-01,9.92E-01,9.86E-01,9.80E-01,9.72E-01,9.63E-01,9.54E-01,9.44E-01,9.35E-01,9.25E-01,9.15E-01,9.06E-01,8.97E-01,8.89E-01,8.82E-01,8.76E-01,8.70E-01,8.65E-01,8.61E-01,8.58E-01,8.55E-01,8.54E-01,8.52E-01,8.51E-01,8.51E-01,8.51E-01,8.52E-01,8.52E-01,8.54E-01,8.55E-01,8.56E-01,8.58E-01,8.60E-01,8.62E-01,8.64E-01,8.67E-01,8.72E-01,8.91E-01,9.54E-01,9.67E-01,1.00E+00,1.00E+00,1.00E+00,1.00E+00,1.00E+00,1.00E+00
1.00E+00,1.00E+00,1.00E+00,1.00E+00,1.00E+00,9.74E-01,9.62E-01,9.05E-01,8.83E-01,8.77E-01,8.75E-01,8.73E-01,8.71E-01,8.69E-01,8.68E-01,8.66E-01,8.65E-01,8.65E-01,8.64E-01,8.64E-01,8.64E-01,8.65E-01,8.66E-01,8.67E-01,8.69E-01,8.72E-01,8.76E-01,8.80E-01,8.85E-01,8.90E-01,8.97E-01,9.04E-01,9.11E-01,9.20E-01,9.28E-01,9.37E-01,9.45E-01,9.54E-01,9.62E-01,9.70E-01,9.76E-01,9.82E-01,9.87E-01,9.92E-01,9.95E-01,9.97E-01,9.99E-01,1.00E+00,1.00E+00,9.99E-01,9.97E-01,9.95E-01,9.92E-01,9.87E-01,9.82E-01,9.76E-01,9.70E-01,9.62E-01,9.54E-01,9.45E-01,9.37E-01,9.28E-01,9.20E-01,9.11E-01,9.04E-01,8.97E-01,8.90E-01,8.85E-01,8.80E-01,8.76E-01,8.72E-01,8.69E-01,8.67E-01,8.66E-01,8.65E-01,8.64E-01,8.64E-01,8.64E-01,8.65E-01,8.65E-01,8.66E-01,8.68E-01,8.69E-01,8.71E-01,8.73E-01,8.75E-01,8.77E-01,8.84E-01,9.04E-01,9.68E-01,9.81E-01,1.00E+00,1.00E+00,1.00E+00,1.00E+00,1.00E+00
1.00E+00,1.00E+00,1.00E+00,1.00E+00,1.00E+00,9.56E-01,9.23E-01,8.92E-01,8.87E-01,8.84E-01,8.83E-01,8.81E-01,8.80E-01,8.78E-01,8.77E-01,8.76E-01,8.76E-01,8.75E-01,8.75E-01,8.76E-01,8.76E-01,8.78E-01,8.79E-01,8.82E-01,8.85E-01,8.88E-01,8.92E-01,8.97E-01,9.03E-01,9.09E-01,9.16E-01,9.23E-01,9.31E-01,9.38E-01,9.46E-01,9.54E-01,9.61E-01,9.68E-01,9.74E-01,9.80E-01,9.85E-01,9.89E-01,9.92E-01,9.95E-01,9.97E-01,9.98E-01,9.99E-01,1.00E+00,1.00E+00,9.99E-01,9.98E-01,9.97E-01,9.95E-01,9.92E-01,9.89E-01,9.85E-01,9.80E-01,9.74E-01,9.68E-01,9.61E-01,9.54E-01,9.46E-01,9.38E-01,9.31E-01,9.23E-01,9.16E-01,9.09E-01,9.03E-01,8.97E-01,8.92E-01,8.88E-01,8.85E-01,8.82E-01,8.79E-01,8.78E-01,8.76E-01,8.76E-01,8.75E-01,8.75E-01,8.76E-01,8.76E-01,8.77E-01,8.78E-01,8.80E-01,8.81E-01,8.83E-01,8.84E-01,8.87E-01,8.92E-01,9.08E-01,9.57E-01,1.00E+00,1.00E+00,1.00E+00,1.00E+00,1.00E+00
1.00E+00,1.00E+00,1.00E+00,1.00E+00,9.74E-01,9.36E-01,9.03E-01,8.96E-01,8.94E-01,8.92E-01,8.90E-01,8.89E-01,8.88E-01,8.87E-01,8.86E-01,8.86E-01,8.86E-01,8.86E-01,8.86E-01,8.87E-01,8.88E-01,8.90E-01,8.92E-01,8.95E-01,8.99E-01,9.03E-01,9.08E-01,9.13E-01,9.19E-01,9.26E-01,9.32E-01,9.39E-01,9.46E-01,9.54E-01,9.60E-01,9.67E-01,9.73E-01,9.78E-01,9.83E-01,9.87E-01,9.90E-01,9.93E-01,9.95E-01,9.97E-01,9.98E-01,9.99E-01,1.00E+00,1.00E+00,1.00E+00,1.00E+00,9.99E-01,9.98E-01,9.97E-01,9.95E-01,9.93E-01,9.90E-01,9.87E-01,9.83E-01,9.78E-01,9.73E-01,9.67E-01,9.60E-01,9.54E-01,9.46E-01,9.39E-01,9.32E-01,9.26E-01,9.19E-01,9.13E-01,9.08E-01,9.03E-01,8.99E-01,8.95E-01,8.92E-01,8.90E-01,8.88E-01,8.87E-01,8.86E-01,8.86E-01,8.86E-01,8.86E-01,8.86E-01,8.87E-01,8.88E-01,8.89E-01,8.90E-01,8.92E-01,8.94E-01,8.96E-01,9.05E-01,9.39E-01,9.82E-01,1.00E+00,1.00E+00,1.00E+00,1.00E+00
1.00E+00,1.00E+00,1.00E+00,9.68E-01,9.52E-01,9.16E-01,9.05E-01,9.02E-01,9.00E-01,8.99E-01,8.98E-01,8.97E-01,8.96E-01,8.96E-01,8.95E-01,8.95E-01,8.95E-01,8.96E-01,8.97E-01,8.98E-01,9.00E-01,9.02E-01,9.05E-01,9.08E-01,9.12E-01,9.17E-01,9.22E-01,9.28E-01,9.34E-01,9.40E-01,9.47E-01,9.53E-01,9.59E-01,9.66E-01,9.71E-01,9.77E-01,9.81E-01,9.85E-01,9.89E-01,9.91E-01,9.94E-01,0.995491914,0.996934216,0.998038789,0.998857828,0.999434198,0.999800374,0.999978045,0.999978045,0.999800374,0.999434198,0.998857828,0.998038789,0.996934216,0.995491914,9.94E-01,9.91E-01,9.89E-01,9.85E-01,9.81E-01,9.77E-01,9.71E-01,9.66E-01,9.59E-01,9.53E-01,9.47E-01,9.40E-01,9.34E-01,9.28E-01,9.22E-01,9.17E-01,9.12E-01,9.08E-01,9.05E-01,9.02E-01,9.00E-01,8.98E-01,8.97E-01,8.96E-01,8.95E-01,8.95E-01,8.95E-01,8.96E-01,8.96E-01,8.97E-01,8.98E-01,8.99E-01,9.00E-01,9.02E-01,9.05E-01,9.16E-01,9.55E-01,9.71E-01,1.00E+00,1.00E+00,1.00E+00
1.00E+00,1.00E+00,1.00E+00,9.69E-01,9.31E-01,9.14E-01,9.10E-01,9.09E-01,9.07E-01,9.06E-01,9.05E-01,9.05E-01,9.04E-01,9.04E-01,9.04E-01,9.04E-01,9.04E-01,9.05E-01,9.07E-01,9.08E-01,9.11E-01,9.13E-01,9.17E-01,9.20E-01,9.25E-01,9.30E-01,9.35E-01,9.40E-01,9.46E-01,9.52E-01,9.58E-01,9.64E-01,9.70E-01,9.75E-01,9.80E-01,9.84E-01,9.87E-01,0.99010965,0.992517443,0.994460628,0.996001513,0.997202758,0.998122704,0.998812509,0.99931473,0.999662891,0.999881618,0.999987011,0.999987011,0.999881618,0.999662891,0.99931473,0.998812509,0.998122704,0.997202758,0.996001513,0.994460628,0.992517443,0.99010965,9.87E-01,9.84E-01,9.80E-01,9.75E-01,9.70E-01,9.64E-01,9.58E-01,9.52E-01,9.46E-01,9.40E-01,9.35E-01,9.30E-01,9.25E-01,9.20E-01,9.17E-01,9.13E-01,9.11E-01,9.08E-01,9.07E-01,9.05E-01,9.04E-01,9.04E-01,9.04E-01,9.04E-01,9.04E-01,9.05E-01,9.05E-01,9.06E-01,9.07E-01,9.09E-01,9.10E-01,9.14E-01,9.26E-01,9.72E-01,1.00E+00,1.00E+00,1.00E+00
1.00E+00,1.00E+00,9.79E-01,9.48E-01,9.23E-01,9.18E-01,9.16E-01,9.15E-01,9.14E-01,9.13E-01,9.13E-01,9.12E-01,9.12E-01,9.12E-01,9.12E-01,9.12E-01,9.13E-01,9.15E-01,9.16E-01,9.18E-01,9.21E-01,9.24E-01,9.27E-01,9.31E-01,9.36E-01,9.41E-01,9.46E-01,9.52E-01,9.57E-01,9.63E-01,9.68E-01,9.73E-01,9.78E-01,9.82E-01,9.86E-01,0.988894205,0.991464866,0.993556422,0.995225453,0.996533947,0.997543174,0.998309514,0.998882091,0.999301805,0.999601294,0.999805437,0.999932048,0.999992565,0.999992565,0.999932048,0.999805437,0.999601294,0.999301805,0.998882091,0.998309514,0.997543174,0.996533947,0.995225453,0.993556422,0.991464866,0.988894205,9.86E-01,9.82E-01,9.78E-01,9.73E-01,9.68E-01,9.63E-01,9.57E-01,9.52E-01,9.46E-01,9.41E-01,9.36E-01,9.31E-01,9.27E-01,9.24E-01,9.21E-01,9.18E-01,9.16E-01,9.15E-01,9.13E-01,9.12E-01,9.12E-01,9.12E-01,9.12E-01,9.12E-01,9.13E-01,9.13E-01,9.14E-01,9.15E-01,9.16E-01,9.18E-01,9.24E-01,9.44E-01,9.88E-01,1.00E+00,1.00E+00
1.00E+00,9.73E-01,9.65E-01,9.36E-01,9.25E-01,9.23E-01,9.22E-01,9.21E-01,9.21E-01,9.20E-01,9.20E-01,9.19E-01,9.19E-01,9.19E-01,9.20E-01,9.21E-01,9.22E-01,9.23E-01,9.25E-01,9.28E-01,9.30E-01,9.34E-01,9.37E-01,9.42E-01,9.46E-01,9.51E-01,9.56E-01,9.61E-01,9.66E-01,9.71E-01,9.76E-01,9.80E-01,0.984239837,0.987538384,0.990322426,0.992615561,0.994462024,0.99591823,0.997045147,0.997902389,0.998544305,0.999017876,0.999362002,0.999607712,0.999778888,0.999893189,0.999962954,0.999995961,0.999995961,0.999962954,0.999893189,0.999778888,0.999607712,0.999362002,0.999017876,0.998544305,0.997902389,0.997045147,0.99591823,0.994462024,0.992615561,0.990322426,0.987538384,0.984239837,9.80E-01,9.76E-01,9.71E-01,9.66E-01,9.61E-01,9.56E-01,9.51E-01,9.46E-01,9.42E-01,9.37E-01,9.34E-01,9.30E-01,9.28E-01,9.25E-01,9.23E-01,9.22E-01,9.21E-01,9.20E-01,9.19E-01,9.19E-01,9.19E-01,9.20E-01,9.20E-01,9.21E-01,9.21E-01,9.22E-01,9.23E-01,9.25E-01,9.32E-01,9.68E-01,9.76E-01,1.00E+00
1.00E+00,9.68E-01,9.51E-01,9.33E-01,9.30E-01,9.29E-01,9.28E-01,9.27E-01,9.27E-01,9.26E-01,9.26E-01,9.26E-01,9.26E-01,9.27E-01,9.27E-01,9.28E-01,9.30E-01,9.31E-01,9.34E-01,9.36E-01,9.39E-01,9.43E-01,9.47E-01,9.51E-01,9.55E-01,9.60E-01,9.65E-01,9.70E-01,9.74E-01,9.78E-01,9.82E-01,0.985935745,0.988963339,0.991503359,0.993579176,0.995234376,0.996524394,0.997508929,0.998246064,0.99878841,0.999181099,0.999461187,0.999658004,0.999794022,0.999885922,0.999945649,0.999981328,0.999997974,0.999997974,0.999981328,0.999945649,0.999885922,0.999794022,0.999658004,0.999461187,0.999181099,0.99878841,0.998246064,0.997508929,0.996524394,0.995234376,0.993579176,0.991503359,0.988963339,0.985935745,9.82E-01,9.78E-01,9.74E-01,9.70E-01,9.65E-01,9.60E-01,9.55E-01,9.51E-01,9.47E-01,9.43E-01,9.39E-01,9.36E-01,9.34E-01,9.31E-01,9.30E-01,9.28E-01,9.27E-01,9.27E-01,9.26E-01,9.26E-01,9.26E-01,9.26E-01,9.27E-01,9.27E-01,9.28E-01,9.29E-01,9.30E-01,9.34E-01,9.46E-01,9.76E-01,1.00E+00
9.76E-01,9.59E-01,9.42E-01,9.37E-01,9.35E-01,9.35E-01,9.34E-01,9.33E-01,9.33E-01,9.33E-01,9.33E-01,9.33E-01,9.33E-01,9.34E-01,9.34E-01,9.36E-01,9.37E-01,9.39E-01,9.41E-01,9.44E-01,9.47E-01,9.51E-01,9.55E-01,9.59E-01,9.63E-01,9.68E-01,9.72E-01,9.76E-01,9.80E-01,0.984048404,0.987313372,0.990122138,0.992468403,0.994373481,0.995879093,0.997039096,0.99791182,0.998554065,0.999017127,0.99934474,0.999572491,0.999728233,0.999833044,0.999902398,0.999947322,0.999975415,0.999991675,0.999999103,0.999999103,0.999991675,0.999975415,0.999947322,0.999902398,0.999833044,0.999728233,0.999572491,0.99934474,0.999017127,0.998554065,0.99791182,0.997039096,0.995879093,0.994373481,0.992468403,0.990122138,0.987313372,0.984048404,9.80E-01,9.76E-01,9.72E-01,9.68E-01,9.63E-01,9.59E-01,9.55E-01,9.51E-01,9.47E-01,9.44E-01,9.41E-01,9.39E-01,9.37E-01,9.36E-01,9.34E-01,9.34E-01,9.33E-01,9.33E-01,9.33E-01,9.33E-01,9.33E-01,9.33E-01,9.34E-01,9.35E-01,9.35E-01,9.37E-01,9.42E-01,9.63E-01,9.77E-01
9.78E-01,9.55E-01,9.44E-01,9.41E-01,9.41E-01,9.40E-01,9.39E-01,9.39E-01,9.39E-01,9.39E-01,9.39E-01,9.39E-01,9.39E-01,9.40E-01,9.41E-01,9.43E-01,9.44E-01,9.46E-01,9.49E-01,9.52E-01,9.55E-01,9.58E-01,9.62E-01,9.66E-01,9.70E-01,9.74E-01,9.78E-01,9.82E-01,0.985364364,0.988422929,0.991053198,0.993245063,0.995016168,0.996405237,0.997463954,0.99824917,0.998816633,0.999216753,0.999492353,0.999678005,0.999800437,0.999879555,0.999929687,0.99996083,0.99997975,0.999990878,0.999996988,0.99999968,0.99999968,0.999996988,0.999990878,0.99997975,0.99996083,0.999929687,0.999879555,0.999800437,0.999678005,0.999492353,0.999216753,0.998816633,0.99824917,0.997463954,0.996405237,0.995016168,0.993245063,0.991053198,0.988422929,0.985364364,9.82E-01,9.78E-01,9.74E-01,9.70E-01,9.66E-01,9.62E-01,9.58E-01,9.55E-01,9.52E-01,9.49E-01,9.46E-01,9.44E-01,9.43E-01,9.41E-01,9.40E-01,9.39E-01,9.39E-01,9.39E-01,9.39E-01,9.39E-01,9.39E-01,9.39E-01,9.40E-01,9.41E-01,9.42E-01,9.44E-01,9.53E-01,9.82E-01
9.61E-01,9.51E-01,9.47E-01,9.46E-01,9.46E-01,9.45E-01,9.45E-01,9.44E-01,9.44E-01,9.44E-01,9.44E-01,9.45E-01,9.45E-01,9.46E-01,9.47E-01,9.49E-01,9.51E-01,9.53E-01,9.55E-01,9.58E-01,9.61E-01,9.65E-01,9.68E-01,9.72E-01,9.76E-01,9.80E-01,9.83E-01,0.98642511,0.989306598,0.991789313,0.993857741,0.995524351,0.996823693,0.997804574,0.998522128,0.999031187,0.999381641,0.999615871,0.999767893,0.99986371,0.999922348,0.999957181,0.999977259,0.999988484,0.999994563,0.999997737,0.999999296,0.999999927,0.999999927,0.999999296,0.999997737,0.999994563,0.999988484,0.999977259,0.999957181,0.999922348,0.99986371,0.999767893,0.999615871,0.999381641,0.999031187,0.998522128,0.997804574,0.996823693,0.995524351,0.993857741,0.991789313,0.989306598,0.98642511,9.83E-01,9.80E-01,9.76E-01,9.72E-01,9.68E-01,9.65E-01,9.61E-01,9.58E-01,9.55E-01,9.53E-01,9.51E-01,9.49E-01,9.47E-01,9.46E-01,9.45E-01,9.45E-01,9.44E-01,9.44E-01,9.44E-01,9.44E-01,9.45E-01,9.45E-01,9.46E-01,9.46E-01,9.47E-01,9.51E-01,9.63E-01
9.60E-01,9.53E-01,9.51E-01,9.51E-01,9.50E-01,9.50E-01,9.50E-01,9.49E-01,9.49E-01,9.49E-01,9.50E-01,9.50E-01,9.51E-01,9.52E-01,9.53E-01,9.55E-01,9.57E-01,9.59E-01,9.61E-01,9.64E-01,9.67E-01,9.71E-01,9.74E-01,9.78E-01,9.81E-01,0.984234812,0.987275833,0.990000928,0.992359118,0.994328224,0.995914114,0.997145903,0.998068624,0.998735256,0.999199685,0.999511547,0.99971319,0.999838523,0.999913216,0.99995574,0.999978744,0.999990485,0.999996081,0.99999854,0.999999519,0.999999864,0.999999971,0.999999998,0.999999998,0.999999971,0.999999864,0.999999519,0.99999854,0.999996081,0.999990485,0.999978744,0.99995574,0.999913216,0.999838523,0.99971319,0.999511547,0.999199685,0.998735256,0.998068624,0.997145903,0.995914114,0.994328224,0.992359118,0.990000928,0.987275833,0.984234812,9.81E-01,9.78E-01,9.74E-01,9.71E-01,9.67E-01,9.64E-01,9.61E-01,9.59E-01,9.57E-01,9.55E-01,9.53E-01,9.52E-01,9.51E-01,9.50E-01,9.50E-01,9.49E-01,9.49E-01,9.49E-01,9.50E-01,9.50E-01,9.50E-01,9.51E-01,9.51E-01,9.54E-01,9.62E-01
9.60E-01,9.57E-01,9.56E-01,9.55E-01,9.55E-01,9.55E-01,9.54E-01,9.54E-01,9.54E-01,9.55E-01,9.55E-01,9.56E-01,9.56E-01,9.57E-01,9.59E-01,9.60E-01,9.62E-01,9.64E-01,9.67E-01,9.70E-01,9.73E-01,9.76E-01,9.79E-01,9.82E-01,0.985099626,0.987956936,0.990538623,0.992788245,0.994676116,0.996200244,0.997382956,0.998264397,0.998894689,0.999326523,0.999609387,0.999785933,0.999890369,0.999948437,0.999978374,0.999992349,0.999997988,0.999999744,0.999999996,0.999999868,0.999999783,0.999999818,0.999999915,0.999999989,0.999999989,0.999999915,0.999999818,0.999999783,0.999999868,0.999999996,0.999999744,0.999997988,0.999992349,0.999978374,0.999948437,0.999890369,0.999785933,0.999609387,0.999326523,0.998894689,0.998264397,0.997382956,0.996200244,0.994676116,0.992788245,0.990538623,0.987956936,0.985099626,9.82E-01,9.79E-01,9.76E-01,9.73E-01,9.70E-01,9.67E-01,9.64E-01,9.62E-01,9.60E-01,9.59E-01,9.57E-01,9.56E-01,9.56E-01,9.55E-01,9.55E-01,9.54E-01,9.54E-01,9.54E-01,9.55E-01,9.55E-01,9.55E-01,9.56E-01,9.57E-01,9.61E-01
9.61E-01,9.61E-01,9.60E-01,9.59E-01,9.59E-01,9.59E-01,9.59E-01,9.59E-01,9.59E-01,9.59E-01,9.60E-01,9.60E-01,9.61E-01,9.62E-01,9.64E-01,9.65E-01,9.67E-01,9.69E-01,9.72E-01,9.74E-01,9.77E-01,9.80E-01,9.83E-01,0.985828944,0.988505716,0.990949982,0.993100362,0.99491938,0.996396208,0.997545046,0.99839982,0.999006796,0.999416934,0.999679476,0.999837586,0.999926147,0.999971363,0.999991577,0.99999873,0.999999992,0.999999258,0.999998359,0.999997945,0.999998071,0.999998554,0.999999154,0.99999967,0.999999962,0.999999962,0.99999967,0.999999154,0.999998554,0.999998071,0.999997945,0.999998359,0.999999258,0.999999992,0.99999873,0.999991577,0.999971363,0.999926147,0.999837586,0.999679476,0.999416934,0.999006796,0.99839982,0.997545046,0.996396208,0.99491938,0.993100362,0.990949982,0.988505716,0.985828944,9.83E-01,9.80E-01,9.77E-01,9.74E-01,9.72E-01,9.69E-01,9.67E-01,9.65E-01,9.64E-01,9.62E-01,9.61E-01,9.60E-01,9.60E-01,9.59E-01,9.59E-01,9.59E-01,9.59E-01,9.59E-01,9.59E-01,9.59E-01,9.60E-01,9.60E-01,9.63E-01
9.65E-01,9.64E-01,9.64E-01,9.63E-01,9.63E-01,9.63E-01,9.63E-01,9.63E-01,9.63E-01,9.64E-01,9.64E-01,9.65E-01,9.66E-01,9.67E-01,9.68E-01,9.70E-01,9.72E-01,9.74E-01,9.76E-01,9.79E-01,9.81E-01,9.84E-01,9.86E-01,0.988957522,0.991264067,0.993318185,0.995075031,0.996514444,0.997641314,0.998481901,0.999077311,0.99947589,0.999726258,0.999872131,0.999949362,0.999985002,0.999997864,0.999999941,0.999998131,0.999995887,0.999994557,0.999994368,0.999995057,0.999996225,0.999997515,0.999998663,0.999999504,0.999999944,0.999999944,0.999999504,0.999998663,0.999997515,0.999996225,0.999995057,0.999994368,0.999994557,0.999995887,0.999998131,0.999999941,0.999997864,0.999985002,0.999949362,0.999872131,0.999726258,0.99947589,0.999077311,0.998481901,0.997641314,0.996514444,0.995075031,0.993318185,0.991264067,0.988957522,9.86E-01,9.84E-01,9.81E-01,9.79E-01,9.76E-01,9.74E-01,9.72E-01,9.70E-01,9.68E-01,9.67E-01,9.66E-01,9.65E-01,9.64E-01,9.64E-01,9.63E-01,9.63E-01,9.63E-01,9.63E-01,9.63E-01,9.63E-01,9.64E-01,9.64E-01,9.65E-01
9.68E-01,9.68E-01,9.68E-01,9.67E-01,9.67E-01,9.67E-01,9.67E-01,9.67E-01,9.67E-01,9.68E-01,9.68E-01,9.69E-01,9.70E-01,9.71E-01,9.73E-01,9.74E-01,9.76E-01,9.78E-01,9.80E-01,9.82E-01,9.85E-01,9.87E-01,0.989346407,0.991509561,0.993464423,0.995159984,0.99656694,0.997680081,0.998516592,0.999110878,0.999507424,0.999753491,0.999893133,0.999963337,0.999992361,0.999999879,0.999998254,0.999994337,0.999991263,0.999989971,0.999990301,0.9999917,0.99999359,0.999995532,0.999997246,0.999998585,0.99999949,0.999999943,0.999999943,0.99999949,0.999998585,0.999997246,0.999995532,0.99999359,0.9999917,0.999990301,0.999989971,0.999991263,0.999994337,0.999998254,0.999999879,0.999992361,0.999963337,0.999893133,0.999753491,0.999507424,0.999110878,0.998516592,0.997680081,0.99656694,0.995159984,0.993464423,0.991509561,0.989346407,9.87E-01,9.85E-01,9.82E-01,9.80E-01,9.78E-01,9.76E-01,9.74E-01,9.73E-01,9.71E-01,9.70E-01,9.69E-01,9.68E-01,9.68E-01,9.67E-01,9.67E-01,9.67E-01,9.67E-01,9.67E-01,9.67E-01,9.68E-01,9.68E-01,9.68E-01
9.72E-01,9.71E-01,9.71E-01,9.71E-01,9.71E-01,9.71E-01,9.71E-01,9.71E-01,9.71E-01,9.72E-01,9.72E-01,9.73E-01,9.74E-01,9.75E-01,9.76E-01,9.78E-01,9.80E-01,9.81E-01,9.83E-01,9.85E-01,9.88E-01,0.989705202,0.991715214,0.993562519,0.995191943,0.996566065,0.997669439,0.998509059,0.999111015,0.999514348,0.999763811,0.999903229,0.999970673,0.999995888,0.999999809,0.99999555,0.999990186,0.999986703,0.99998571,0.999986697,0.999988841,0.999991402,0.999993878,0.999995995,0.999997649,0.999998836,0.99999959,0.999999955,0.999999955,0.99999959,0.999998836,0.999997649,0.999995995,0.999993878,0.999991402,0.999988841,0.999986697,0.99998571,0.999986703,0.999990186,0.99999555,0.999999809,0.999995888,0.999970673,0.999903229,0.999763811,0.999514348,0.999111015,0.998509059,0.997669439,0.996566065,0.995191943,0.993562519,0.991715214,0.989705202,9.88E-01,9.85E-01,9.83E-01,9.81E-01,9.80E-01,9.78E-01,9.76E-01,9.75E-01,9.74E-01,9.73E-01,9.72E-01,9.72E-01,9.71E-01,9.71E-01,9.71E-01,9.71E-01,9.71E-01,9.71E-01,9.71E-01,9.71E-01,9.72E-01
9.75E-01,9.75E-01,9.74E-01,9.74E-01,9.74E-01,9.74E-01,9.74E-01,9.74E-01,9.75E-01,9.75E-01,9.76E-01,9.77E-01,9.77E-01,9.78E-01,9.80E-01,9.81E-01,9.83E-01,9.84E-01,9.86E-01,9.88E-01,0.99006499,0.991909727,0.993637024,0.995190154,0.996525501,0.997618124,0.998464323,0.999080439,0.999498302,0.999758591,0.999903899,0.999973002,0.999997242,0.999999187,0.999993125,0.999986705,0.999982986,0.999982359,0.999984011,0.999986858,0.999990006,0.999992897,0.999995272,0.999997075,0.999998358,0.999999214,0.99999973,0.999999971,0.999999971,0.99999973,0.999999214,0.999998358,0.999997075,0.999995272,0.999992897,0.999990006,0.999986858,0.999984011,0.999982359,0.999982986,0.999986705,0.999993125,0.999999187,0.999997242,0.999973002,0.999903899,0.999758591,0.999498302,0.999080439,0.998464323,0.997618124,0.996525501,0.995190154,0.993637024,0.991909727,0.99006499,9.88E-01,9.86E-01,9.84E-01,9.83E-01,9.81E-01,9.80E-01,9.78E-01,9.77E-01,9.77E-01,9.76E-01,9.75E-01,9.75E-01,9.74E-01,9.74E-01,9.74E-01,9.74E-01,9.74E-01,9.74E-01,9.75E-01,9.75E-01
9.78E-01,9.78E-01,9.77E-01,9.77E-01,9.77E-01,9.77E-01,9.78E-01,9.78E-01,9.78E-01,9.78E-01,9.79E-01,9.80E-01,9.81E-01,9.82E-01,9.83E-01,9.84E-01,9.86E-01,9.87E-01,9.89E-01,9.90E-01,0.992121013,0.993713386,0.995175787,0.996461074,0.99753655,0.998388208,0.999021764,0.999460134,0.999738069,0.999895447,0.99997092,0.999997248,0.999998884,0.999991734,0.99998444,0.999980439,0.999980066,0.999982269,0.999985715,0.99998935,0.999992556,0.999995086,0.999996934,0.999998205,0.999999037,0.999999555,0.99999985,0.999999984,0.999999984,0.99999985,0.999999555,0.999999037,0.999998205,0.999996934,0.999995086,0.999992556,0.99998935,0.999985715,0.999982269,0.999980066,0.999980439,0.99998444,0.999991734,0.999998884,0.999997248,0.99997092,0.999895447,0.999738069,0.999460134,0.999021764,0.998388208,0.99753655,0.996461074,0.995175787,0.993713386,0.992121013,9.90E-01,9.89E-01,9.87E-01,9.86E-01,9.84E-01,9.83E-01,9.82E-01,9.81E-01,9.80E-01,9.79E-01,9.78E-01,9.78E-01,9.78E-01,9.78E-01,9.77E-01,9.77E-01,9.77E-01,9.77E-01,9.78E-01,9.78E-01
9.81E-01,9.80E-01,9.80E-01,9.80E-01,9.80E-01,9.80E-01,9.81E-01,9.81E-01,9.81E-01,9.81E-01,9.82E-01,9.83E-01,9.83E-01,9.84E-01,9.85E-01,9.87E-01,9.88E-01,9.89E-01,9.91E-01,0.992374835,0.993817048,0.995171684,0.996391187,0.997437727,0.998288462,0.9989385,0.999400616,0.999701735,0.99987714,0.999964018,0.999995916,0.999999185,0.999991717,0.999983631,0.999979132,0.999978745,0.999981277,0.999985166,0.99998918,0.999992621,0.999995245,0.999997086,0.999998299,0.99999906,0.99999952,0.999999786,0.99999993,0.999999993,0.999999993,0.99999993,0.999999786,0.99999952,0.99999906,0.999998299,0.999997086,0.999995245,0.999992621,0.99998918,0.999985166,0.999981277,0.999978745,0.999979132,0.999983631,0.999991717,0.999999185,0.999995916,0.999964018,0.99987714,0.999701735,0.999400616,0.9989385,0.998288462,0.997437727,0.996391187,0.995171684,0.993817048,0.992374835,9.91E-01,9.89E-01,9.88E-01,9.87E-01,9.85E-01,9.84E-01,9.83E-01,9.83E-01,9.82E-01,9.81E-01,9.81E-01,9.81E-01,9.81E-01,9.80E-01,9.80E-01,9.80E-01,9.80E-01,9.80E-01,9.81E-01
9.83E-01,9.83E-01,9.83E-01,9.83E-01,9.83E-01,9.83E-01,9.83E-01,9.83E-01,9.84E-01,9.84E-01,9.85E-01,9.85E-01,9.86E-01,9.87E-01,9.88E-01,9.89E-01,9.90E-01,9.91E-01,9.93E-01,0.993971837,0.995201318,0.996336552,0.997337767,0.998175779,0.998836253,0.999321477,0.999649027,0.999847568,0.999950993,0.999992463,0.999999808,0.999993086,0.999984352,0.999979061,0.99997827,0.999980815,0.999984942,0.999989222,0.999992842,0.999995531,0.99999735,0.999998498,0.999999183,0.999999576,0.999999795,0.999999912,0.999999972,0.999999997,0.999999997,0.999999972,0.999999912,0.999999795,0.999999576,0.999999183,0.999998498,0.99999735,0.999995531,0.999992842,0.999989222,0.999984942,0.999980815,0.99997827,0.999979061,0.999984352,0.999993086,0.999999808,0.999992463,0.999950993,0.999847568,0.999649027,0.999321477,0.998836253,0.998175779,0.997337767,0.996336552,0.995201318,0.993971837,9.93E-01,9.91E-01,9.90E-01,9.89E-01,9.88E-01,9.87E-01,9.86E-01,9.85E-01,9.85E-01,9.84E-01,9.84E-01,9.83E-01,9.83E-01,9.83E-01,9.83E-01,9.83E-01,9.83E-01,9.83E-01,9.83E-01
9.86E-01,9.86E-01,9.86E-01,9.86E-01,9.86E-01,9.86E-01,9.86E-01,9.86E-01,9.86E-01,9.87E-01,9.87E-01,9.88E-01,9.88E-01,9.89E-01,9.90E-01,9.91E-01,9.92E-01,9.93E-01,0.994197864,0.995286955,0.996319023,0.997255608,0.998064373,0.998723835,0.999226648,0.999580364,0.999805289,0.999929937,0.999985358,0.999999881,0.999995515,0.999986562,0.999980242,0.999978592,0.999980747,0.999984857,0.999989278,0.999993034,0.999995787,0.999997598,0.999998695,0.99999932,0.999999658,0.999999834,0.999999924,0.999999969,0.999999991,0.999999999,0.999999999,0.999999991,0.999999969,0.999999924,0.999999834,0.999999658,0.99999932,0.999998695,0.999997598,0.999995787,0.999993034,0.999989278,0.999984857,0.999980747,0.999978592,0.999980242,0.999986562,0.999995515,0.999999881,0.999985358,0.999929937,0.999805289,0.999580364,0.999226648,0.998723835,0.998064373,0.997255608,0.996319023,0.995286955,0.994197864,9.93E-01,9.92E-01,9.91E-01,9.90E-01,9.89E-01,9.88E-01,9.88E-01,9.87E-01,9.87E-01,9.86E-01,9.86E-01,9.86E-01,9.86E-01,9.86E-01,9.86E-01,9.86E-01,9.86E-01,9.86E-01
9.88E-01,9.88E-01,9.88E-01,9.88E-01,9.88E-01,9.88E-01,9.88E-01,9.88E-01,9.89E-01,9.89E-01,9.89E-01,9.90E-01,9.90E-01,9.91E-01,9.92E-01,9.93E-01,9.94E-01,9.95E-01,0.995447256,0.99635953,0.997211723,0.99797168,0.998613888,0.999123442,0.999498421,0.999749826,0.9998989,0.999972511,0.999997899,0.999998239,0.999990046,0.999982714,0.999979782,0.999981078,0.999984843,0.999989247,0.999993098,0.999995928,0.999997762,0.99999884,0.999999426,0.999999727,0.999999874,0.999999943,0.999999976,0.999999991,0.999999997,1,1,0.999999997,0.999999991,0.999999976,0.999999943,0.999999874,0.999999727,0.999999426,0.99999884,0.999997762,0.999995928,0.999993098,0.999989247,0.999984843,0.999981078,0.999979782,0.999982714,0.999990046,0.999998239,0.999997899,0.999972511,0.9998989,0.999749826,0.999498421,0.999123442,0.998613888,0.99797168,0.997211723,0.99635953,0.995447256,9.95E-01,9.94E-01,9.93E-01,9.92E-01,9.91E-01,9.90E-01,9.90E-01,9.89E-01,9.89E-01,9.89E-01,9.88E-01,9.88E-01,9.88E-01,9.88E-01,9.88E-01,9.88E-01,9.88E-01,9.88E-01
9.90E-01,9.90E-01,9.90E-01,9.90E-01,9.90E-01,9.90E-01,9.90E-01,9.90E-01,9.91E-01,9.91E-01,9.91E-01,9.92E-01,9.92E-01,9.93E-01,9.93E-01,9.94E-01,9.95E-01,9.96E-01,0.996475382,0.997225802,0.997916925,0.998522554,0.99902321,0.999409349,0.999682956,0.999856858,0.999951766,0.999991821,0.999999939,0.99999425,0.99998643,0.999981992,0.999981953,0.999984968,0.999989127,0.999993,0.99999592,0.999997816,0.999998913,0.99999949,0.999999772,0.999999901,0.999999959,0.999999983,0.999999993,0.999999998,0.999999999,1,1,0.999999999,0.999999998,0.999999993,0.999999983,0.999999959,0.999999901,0.999999772,0.99999949,0.999998913,0.999997816,0.99999592,0.999993,0.999989127,0.999984968,0.999981953,0.999981992,0.99998643,0.99999425,0.999999939,0.999991821,0.999951766,0.999856858,0.999682956,0.999409349,0.99902321,0.998522554,0.997916925,0.997225802,0.996475382,9.96E-01,9.95E-01,9.94E-01,9.93E-01,9.93E-01,9.92E-01,9.92E-01,9.91E-01,9.91E-01,9.91E-01,9.90E-01,9.90E-01,9.90E-01,9.90E-01,9.90E-01,9.90E-01,9.90E-01,9.90E-01
9.92E-01,9.92E-01,9.92E-01,9.92E-01,9.92E-01,9.92E-01,9.92E-01,9.92E-01,9.92E-01,9.93E-01,9.93E-01,9.93E-01,9.94E-01,9.94E-01,9.95E-01,9.95E-01,9.96E-01,0.996677465,0.997313768,0.997918559,0.998467874,0.998940949,0.999323444,0.999609961,0.999804991,0.999921814,0.999979487,0.999998756,0.999998107,0.999991067,0.999985337,0.999983617,0.999985423,0.999989015,0.999992769,0.999995761,0.999997755,0.999998912,0.999999511,0.999999794,0.999999917,0.999999968,0.999999988,0.999999995,0.999999998,0.999999999,1,1,1,1,0.999999999,0.999999998,0.999999995,0.999999988,0.999999968,0.999999917,0.999999794,0.999999511,0.999998912,0.999997755,0.999995761,0.999992769,0.999989015,0.999985423,0.999983617,0.999985337,0.999991067,0.999998107,0.999998756,0.999979487,0.999921814,0.999804991,0.999609961,0.999323444,0.998940949,0.998467874,0.997918559,0.997313768,0.996677465,9.96E-01,9.95E-01,9.95E-01,9.94E-01,9.94E-01,9.93E-01,9.93E-01,9.93E-01,9.92E-01,9.92E-01,9.92E-01,9.92E-01,9.92E-01,9.92E-01,9.92E-01,9.92E-01,9.92E-01
9.93E-01,9.93E-01,9.93E-01,9.93E-01,9.93E-01,9.94E-01,9.94E-01,9.94E-01,9.94E-01,9.94E-01,9.94E-01,9.95E-01,9.95E-01,9.96E-01,9.96E-01,9.96E-01,9.97E-01,0.997484722,0.997990963,0.99846695,0.998893504,0.999254653,0.999540269,0.999747951,0.99988348,0.9999595,0.99999265,0.999999991,0.999995803,0.999989681,0.99998629,0.999986496,0.999989114,0.999992502,0.999995482,0.999997581,0.999998835,0.999999489,0.999999793,0.999999922,0.999999972,0.99999999,0.999999997,0.999999999,1,1,1,1,1,1,1,1,0.999999999,0.999999997,0.99999999,0.999999972,0.999999922,0.999999793,0.999999489,0.999998835,0.999997581,0.999995482,0.999992502,0.999989114,0.999986496,0.99998629,0.999989681,0.999995803,0.999999991,0.99999265,0.9999595,0.99988348,0.999747951,0.999540269,0.999254653,0.998893504,0.99846695,0.997990963,0.997484722,9.97E-01,9.96E-01,9.96E-01,9.96E-01,9.95E-01,9.95E-01,9.94E-01,9.94E-01,9.94E-01,9.94E-01,9.94E-01,9.94E-01,9.93E-01,9.93E-01,9.93E-01,9.93E-01,9.93E-01
9.95E-01,9.95E-01,9.95E-01,9.95E-01,9.95E-01,9.95E-01,9.95E-01,9.95E-01,9.95E-01,9.96E-01,9.96E-01,9.96E-01,9.96E-01,9.97E-01,9.97E-01,9.97E-01,9.98E-01,0.998141187,0.998532366,0.998896433,0.999218539,0.999486815,0.999694434,0.999840972,0.999932511,0.999980269,0.999998047,0.999999247,0.999994407,0.999989969,0.99998846,0.999989712,0.999992385,0.999995167,0.999997321,0.999998686,0.999999424,0.999999771,0.999999917,0.999999972,0.999999991,0.999999997,0.999999999,1,1,1,1,1,1,1,1,1,1,0.999999999,0.999999997,0.999999991,0.999999972,0.999999917,0.999999771,0.999999424,0.999998686,0.999997321,0.999995167,0.999992385,0.999989712,0.99998846,0.999989969,0.999994407,0.999999247,0.999998047,0.999980269,0.999932511,0.999840972,0.999694434,0.999486815,0.999218539,0.998896433,0.998532366,0.998141187,9.98E-01,9.97E-01,9.97E-01,9.97E-01,9.96E-01,9.96E-01,9.96E-01,9.96E-01,9.95E-01,9.95E-01,9.95E-01,9.95E-01,9.95E-01,9.95E-01,9.95E-01,9.95E-01,9.95E-01
9.96E-01,9.96E-01,9.96E-01,9.96E-01,9.96E-01,9.96E-01,9.96E-01,9.96E-01,9.97E-01,9.97E-01,9.97E-01,9.97E-01,9.97E-01,9.98E-01,9.98E-01,9.98E-01,0.998366512,0.998668746,0.998960162,0.999228834,0.999463717,0.999656335,0.999802337,0.99990242,0.999962223,0.999991054,0.999999751,0.999998326,0.999994178,0.999991379,0.999991088,0.99999268,0.999994972,0.999997038,0.999998481,0.999999315,0.999999725,0.999999901,0.999999968,0.99999999,0.999999997,0.999999999,1,1,1,1,1,1,1,1,1,1,1,1,0.999999999,0.999999997,0.99999999,0.999999968,0.999999901,0.999999725,0.999999315,0.999998481,0.999997038,0.999994972,0.99999268,0.999991088,0.999991379,0.999994178,0.999998326,0.999999751,0.999991054,0.999962223,0.99990242,0.999802337,0.999656335,0.999463717,0.999228834,0.998960162,0.998668746,0.998366512,9.98E-01,9.98E-01,9.98E-01,9.97E-01,9.97E-01,9.97E-01,9.97E-01,9.97E-01,9.96E-01,9.96E-01,9.96E-01,9.96E-01,9.96E-01,9.96E-01,9.96E-01,9.96E-01
9.97E-01,9.97E-01,9.97E-01,9.97E-01,9.97E-01,9.97E-01,9.97E-01,9.97E-01,9.98E-01,9.98E-01,9.98E-01,9.98E-01,9.98E-01,9.98E-01,9.98E-01,9.99E-01,0.998870361,0.999086423,0.99929334,0.999482496,0.999646077,0.999778325,0.999876642,0.999942187,0.99997967,0.999996276,0.999999996,0.99999789,0.999994864,0.999993322,0.999993644,0.999995125,0.999996863,0.999998271,0.999999174,0.999999655,0.999999873,0.999999958,0.999999988,0.999999997,0.999999999,1,1,1,1,1,1,1,1,1,1,1,1,1,1,0.999999999,0.999999997,0.999999988,0.999999958,0.999999873,0.999999655,0.999999174,0.999998271,0.999996863,0.999995125,0.999993644,0.999993322,0.999994864,0.99999789,0.999999996,0.999996276,0.99997967,0.999942187,0.999876642,0.999778325,0.999646077,0.999482496,0.99929334,0.999086423,0.998870361,9.99E-01,9.98E-01,9.98E-01,9.98E-01,9.98E-01,9.98E-01,9.98E-01,9.98E-01,9.97E-01,9.97E-01,9.97E-01,9.97E-01,9.97E-01,9.97E-01,9.97E-01,9.97E-01
9.98E-01,9.98E-01,9.98E-01,9.98E-01,9.98E-01,9.98E-01,9.98E-01,9.98E-01,9.98E-01,9.98E-01,9.99E-01,9.99E-01,9.99E-01,9.99E-01,9.99E-01,9.99E-01,0.999266013,0.99941036,0.999547788,0.999672493,0.999779315,0.999864592,0.999926894,0.999967383,0.999989589,0.999998601,0.999999866,0.999998009,0.999996063,0.999995335,0.999995838,0.999996984,0.999998164,0.999999045,0.999999572,0.999999833,0.999999943,0.999999983,0.999999995,0.999999999,1,1,1,1,1,1,1,1,1,1,1,1,1,1,1,1,0.999999999,0.999999995,0.999999983,0.999999943,0.999999833,0.999999572,0.999999045,0.999998164,0.999996984,0.999995838,0.999995335,0.999996063,0.999998009,0.999999866,0.999998601,0.999989589,0.999967383,0.999926894,0.999864592,0.999779315,0.999672493,0.999547788,0.99941036,0.999266013,9.99E-01,9.99E-01,9.99E-01,9.99E-01,9.99E-01,9.99E-01,9.98E-01,9.98E-01,9.98E-01,9.98E-01,9.98E-01,9.98E-01,9.98E-01,9.98E-01,9.98E-01,9.98E-01
9.99E-01,9.99E-01,9.99E-01,9.99E-01,9.99E-01,9.99E-01,9.99E-01,9.99E-01,9.99E-01,9.99E-01,9.99E-01,9.99E-01,9.99E-01,9.99E-01,9.99E-01,9.99E-01,0.999566715,0.999653852,0.999736412,0.999810871,0.999874145,0.999924122,0.999960097,0.999982963,0.999995041,0.999999536,0.999999779,0.999998501,0.999997401,0.99999712,0.999997556,0.999998307,0.999999016,0.999999513,0.999999793,0.999999924,0.999999976,0.999999993,0.999999998,1,1,1,1,1,1,1,1,1,1,1,1,1,1,1,1,1,1,0.999999998,0.999999993,0.999999976,0.999999924,0.999999793,0.999999513,0.999999016,0.999998307,0.999997556,0.99999712,0.999997401,0.999998501,0.999999779,0.999999536,0.999995041,0.999982963,0.999960097,0.999924122,0.999874145,0.999810871,0.999736412,0.999653852,0.999566715,9.99E-01,9.99E-01,9.99E-01,9.99E-01,9.99E-01,9.99E-01,9.99E-01,9.99E-01,9.99E-01,9.99E-01,9.99E-01,9.99E-01,9.99E-01,9.99E-01,9.99E-01,9.99E-01
9.99E-01,9.99E-01,9.99E-01,9.99E-01,9.99E-01,9.99E-01,9.99E-01,9.99E-01,9.99E-01,1.00E+00,1.00E+00,1.00E+00,1.00E+00,1.00E+00,1.00E+00,1.00E+00,0.999783036,0.99982741,0.999869298,0.999906896,0.999938649,0.999963522,0.999981216,0.999992265,0.999997922,0.999999869,0.999999814,0.999999121,0.999998599,0.999998519,0.999998789,0.99999919,0.999999545,0.999999783,0.999999911,0.999999969,0.999999991,0.999999998,0.999999999,1,1,1,1,1,1,1,1,1,1,1,1,1,1,1,1,1,1,0.999999999,0.999999998,0.999999991,0.999999969,0.999999911,0.999999783,0.999999545,0.99999919,0.999998789,0.999998519,0.999998599,0.999999121,0.999999814,0.999999869,0.999997922,0.999992265,0.999981216,0.999963522,0.999938649,0.999906896,0.999869298,0.99982741,0.999783036,1.00E+00,1.00E+00,1.00E+00,1.00E+00,1.00E+00,1.00E+00,1.00E+00,9.99E-01,9.99E-01,9.99E-01,9.99E-01,9.99E-01,9.99E-01,9.99E-01,9.99E-01,9.99E-01
1.00E+00,1.00E+00,1.00E+00,1.00E+00,1.00E+00,1.00E+00,1.00E+00,1.00E+00,1.00E+00,1.00E+00,1.00E+00,1.00E+00,1.00E+00,1.00E+00,1.00E+00,1.00E+00,0.999922875,0.999938828,0.999953848,0.999967287,0.999978589,0.999987391,0.999993602,0.999997433,0.99999935,0.999999972,0.999999913,0.999999656,0.99999948,0.999999466,0.999999574,0.999999721,0.999999847,0.999999929,0.999999972,0.99999999,0.999999997,0.999999999,1,1,1,1,1,1,1,1,1,1,1,1,1,1,1,1,1,1,1,1,0.999999999,0.999999997,0.99999999,0.999999972,0.999999929,0.999999847,0.999999721,0.999999574,0.999999466,0.99999948,0.999999656,0.999999913,0.999999972,0.99999935,0.999997433,0.999993602,0.999987391,0.999978589,0.999967287,0.999953848,0.999938828,0.999922875,1.00E+00,1.00E+00,1.00E+00,1.00E+00,1.00E+00,1.00E+00,1.00E+00,1.00E+00,1.00E+00,1.00E+00,1.00E+00,1.00E+00,1.00E+00,1.00E+00,1.00E+00,1.00E+00
1.00E+00,1.00E+00,1.00E+00,1.00E+00,1.00E+00,1.00E+00,1.00E+00,1.00E+00,1.00E+00,1.00E+00,1.00E+00,1.00E+00,1.00E+00,1.00E+00,1.00E+00,1.00E+00,0.999991485,0.999993256,0.999994922,0.99999641,0.999997658,0.999998628,0.999999309,0.999999726,0.999999933,0.999999998,0.999999989,0.99999996,0.999999941,0.999999941,0.999999953,0.99999997,0.999999984,0.999999992,0.999999997,0.999999999,1,1,1,1,1,1,1,1,1,1,1,1,1,1,1,1,1,1,1,1,1,1,1,1,0.999999999,0.999999997,0.999999992,0.999999984,0.99999997,0.999999953,0.999999941,0.999999941,0.99999996,0.999999989,0.999999998,0.999999933,0.999999726,0.999999309,0.999998628,0.999997658,0.99999641,0.999994922,0.999993256,0.999991485,1.00E+00,1.00E+00,1.00E+00,1.00E+00,1.00E+00,1.00E+00,1.00E+00,1.00E+00,1.00E+00,1.00E+00,1.00E+00,1.00E+00,1.00E+00,1.00E+00,1.00E+00,1.00E+00
1.00E+00,1.00E+00,1.00E+00,1.00E+00,1.00E+00,1.00E+00,1.00E+00,1.00E+00,1.00E+00,1.00E+00,1.00E+00,1.00E+00,1.00E+00,1.00E+00,1.00E+00,1.00E+00,0.999991485,0.999993256,0.999994922,0.99999641,0.999997658,0.999998628,0.999999309,0.999999726,0.999999933,0.999999998,0.999999989,0.99999996,0.999999941,0.999999941,0.999999953,0.99999997,0.999999984,0.999999992,0.999999997,0.999999999,1,1,1,1,1,1,1,1,1,1,1,1,1,1,1,1,1,1,1,1,1,1,1,1,0.999999999,0.999999997,0.999999992,0.999999984,0.99999997,0.999999953,0.999999941,0.999999941,0.99999996,0.999999989,0.999999998,0.999999933,0.999999726,0.999999309,0.999998628,0.999997658,0.99999641,0.999994922,0.999993256,0.999991485,1.00E+00,1.00E+00,1.00E+00,1.00E+00,1.00E+00,1.00E+00,1.00E+00,1.00E+00,1.00E+00,1.00E+00,1.00E+00,1.00E+00,1.00E+00,1.00E+00,1.00E+00,1.00E+00
1.00E+00,1.00E+00,1.00E+00,1.00E+00,1.00E+00,1.00E+00,1.00E+00,1.00E+00,1.00E+00,1.00E+00,1.00E+00,1.00E+00,1.00E+00,1.00E+00,1.00E+00,1.00E+00,0.999922875,0.999938828,0.999953848,0.999967287,0.999978589,0.999987391,0.999993602,0.999997433,0.99999935,0.999999972,0.999999913,0.999999656,0.99999948,0.999999466,0.999999574,0.999999721,0.999999847,0.999999929,0.999999972,0.99999999,0.999999997,0.999999999,1,1,1,1,1,1,1,1,1,1,1,1,1,1,1,1,1,1,1,1,0.999999999,0.999999997,0.99999999,0.999999972,0.999999929,0.999999847,0.999999721,0.999999574,0.999999466,0.99999948,0.999999656,0.999999913,0.999999972,0.99999935,0.999997433,0.999993602,0.999987391,0.999978589,0.999967287,0.999953848,0.999938828,0.999922875,1.00E+00,1.00E+00,1.00E+00,1.00E+00,1.00E+00,1.00E+00,1.00E+00,1.00E+00,1.00E+00,1.00E+00,1.00E+00,1.00E+00,1.00E+00,1.00E+00,1.00E+00,1.00E+00
9.99E-01,9.99E-01,9.99E-01,9.99E-01,9.99E-01,9.99E-01,9.99E-01,9.99E-01,9.99E-01,1.00E+00,1.00E+00,1.00E+00,1.00E+00,1.00E+00,1.00E+00,1.00E+00,0.999783036,0.99982741,0.999869298,0.999906896,0.999938649,0.999963522,0.999981216,0.999992265,0.999997922,0.999999869,0.999999814,0.999999121,0.999998599,0.999998519,0.999998789,0.99999919,0.999999545,0.999999783,0.999999911,0.999999969,0.999999991,0.999999998,0.999999999,1,1,1,1,1,1,1,1,1,1,1,1,1,1,1,1,1,1,0.999999999,0.999999998,0.999999991,0.999999969,0.999999911,0.999999783,0.999999545,0.99999919,0.999998789,0.999998519,0.999998599,0.999999121,0.999999814,0.999999869,0.999997922,0.999992265,0.999981216,0.999963522,0.999938649,0.999906896,0.999869298,0.99982741,0.999783036,1.00E+00,1.00E+00,1.00E+00,1.00E+00,1.00E+00,1.00E+00,1.00E+00,9.99E-01,9.99E-01,9.99E-01,9.99E-01,9.99E-01,9.99E-01,9.99E-01,9.99E-01,9.99E-01
9.99E-01,9.99E-01,9.99E-01,9.99E-01,9.99E-01,9.99E-01,9.99E-01,9.99E-01,9.99E-01,9.99E-01,9.99E-01,9.99E-01,9.99E-01,9.99E-01,9.99E-01,9.99E-01,0.999566715,0.999653852,0.999736412,0.999810871,0.999874145,0.999924122,0.999960097,0.999982963,0.999995041,0.999999536,0.999999779,0.999998501,0.999997401,0.99999712,0.999997556,0.999998307,0.999999016,0.999999513,0.999999793,0.999999924,0.999999976,0.999999993,0.999999998,1,1,1,1,1,1,1,1,1,1,1,1,1,1,1,1,1,1,0.999999998,0.999999993,0.999999976,0.999999924,0.999999793,0.999999513,0.999999016,0.999998307,0.999997556,0.99999712,0.999997401,0.999998501,0.999999779,0.999999536,0.999995041,0.999982963,0.999960097,0.999924122,0.999874145,0.999810871,0.999736412,0.999653852,0.999566715,9.99E-01,9.99E-01,9.99E-01,9.99E-01,9.99E-01,9.99E-01,9.99E-01,9.99E-01,9.99E-01,9.99E-01,9.99E-01,9.99E-01,9.99E-01,9.99E-01,9.99E-01,9.99E-01
9.98E-01,9.98E-01,9.98E-01,9.98E-01,9.98E-01,9.98E-01,9.98E-01,9.98E-01,9.98E-01,9.98E-01,9.99E-01,9.99E-01,9.99E-01,9.99E-01,9.99E-01,9.99E-01,0.999266013,0.99941036,0.999547788,0.999672493,0.999779315,0.999864592,0.999926894,0.999967383,0.999989589,0.999998601,0.999999866,0.999998009,0.999996063,0.999995335,0.999995838,0.999996984,0.999998164,0.999999045,0.999999572,0.999999833,0.999999943,0.999999983,0.999999995,0.999999999,1,1,1,1,1,1,1,1,1,1,1,1,1,1,1,1,0.999999999,0.999999995,0.999999983,0.999999943,0.999999833,0.999999572,0.999999045,0.999998164,0.999996984,0.999995838,0.999995335,0.999996063,0.999998009,0.999999866,0.999998601,0.999989589,0.999967383,0.999926894,0.999864592,0.999779315,0.999672493,0.999547788,0.99941036,0.999266013,9.99E-01,9.99E-01,9.99E-01,9.99E-01,9.99E-01,9.99E-01,9.98E-01,9.98E-01,9.98E-01,9.98E-01,9.98E-01,9.98E-01,9.98E-01,9.98E-01,9.98E-01,9.98E-01
9.97E-01,9.97E-01,9.97E-01,9.97E-01,9.97E-01,9.97E-01,9.97E-01,9.97E-01,9.98E-01,9.98E-01,9.98E-01,9.98E-01,9.98E-01,9.98E-01,9.98E-01,9.99E-01,0.998870361,0.999086423,0.99929334,0.999482496,0.999646077,0.999778325,0.999876642,0.999942187,0.99997967,0.999996276,0.999999996,0.99999789,0.999994864,0.999993322,0.999993644,0.999995125,0.999996863,0.999998271,0.999999174,0.999999655,0.999999873,0.999999958,0.999999988,0.999999997,0.999999999,1,1,1,1,1,1,1,1,1,1,1,1,1,1,0.999999999,0.999999997,0.999999988,0.999999958,0.999999873,0.999999655,0.999999174,0.999998271,0.999996863,0.999995125,0.999993644,0.999993322,0.999994864,0.99999789,0.999999996,0.999996276,0.99997967,0.999942187,0.999876642,0.999778325,0.999646077,0.999482496,0.99929334,0.999086423,0.998870361,9.99E-01,9.98E-01,9.98E-01,9.98E-01,9.98E-01,9.98E-01,9.98E-01,9.98E-01,9.97E-01,9.97E-01,9.97E-01,9.97E-01,9.97E-01,9.97E-01,9.97E-01,9.97E-01
9.96E-01,9.96E-01,9.96E-01,9.96E-01,9.96E-01,9.96E-01,9.96E-01,9.96E-01,9.97E-01,9.97E-01,9.97E-01,9.97E-01,9.97E-01,9.98E-01,9.98E-01,9.98E-01,0.998366512,0.998668746,0.998960162,0.999228834,0.999463717,0.999656335,0.999802337,0.99990242,0.999962223,0.999991054,0.999999751,0.999998326,0.999994178,0.999991379,0.999991088,0.99999268,0.999994972,0.999997038,0.999998481,0.999999315,0.999999725,0.999999901,0.999999968,0.99999999,0.999999997,0.999999999,1,1,1,1,1,1,1,1,1,1,1,1,0.999999999,0.999999997,0.99999999,0.999999968,0.999999901,0.999999725,0.999999315,0.999998481,0.999997038,0.999994972,0.99999268,0.999991088,0.999991379,0.999994178,0.999998326,0.999999751,0.999991054,0.999962223,0.99990242,0.999802337,0.999656335,0.999463717,0.999228834,0.998960162,0.998668746,0.998366512,9.98E-01,9.98E-01,9.98E-01,9.97E-01,9.97E-01,9.97E-01,9.97E-01,9.97E-01,9.96E-01,9.96E-01,9.96E-01,9.96E-01,9.96E-01,9.96E-01,9.96E-01,9.96E-01
9.95E-01,9.95E-01,9.95E-01,9.95E-01,9.95E-01,9.95E-01,9.95E-01,9.95E-01,9.95E-01,9.96E-01,9.96E-01,9.96E-01,9.96E-01,9.97E-01,9.97E-01,9.97E-01,9.98E-01,0.998141187,0.998532366,0.998896433,0.999218539,0.999486815,0.999694434,0.999840972,0.999932511,0.999980269,0.999998047,0.999999247,0.999994407,0.999989969,0.99998846,0.999989712,0.999992385,0.999995167,0.999997321,0.999998686,0.999999424,0.999999771,0.999999917,0.999999972,0.999999991,0.999999997,0.999999999,1,1,1,1,1,1,1,1,1,1,0.999999999,0.999999997,0.999999991,0.999999972,0.999999917,0.999999771,0.999999424,0.999998686,0.999997321,0.999995167,0.999992385,0.999989712,0.99998846,0.999989969,0.999994407,0.999999247,0.999998047,0.999980269,0.999932511,0.999840972,0.999694434,0.999486815,0.999218539,0.998896433,0.998532366,0.998141187,9.98E-01,9.97E-01,9.97E-01,9.97E-01,9.96E-01,9.96E-01,9.96E-01,9.96E-01,9.95E-01,9.95E-01,9.95E-01,9.95E-01,9.95E-01,9.95E-01,9.95E-01,9.95E-01,9.95E-01
9.93E-01,9.93E-01,9.93E-01,9.93E-01,9.93E-01,9.94E-01,9.94E-01,9.94E-01,9.94E-01,9.94E-01,9.94E-01,9.95E-01,9.95E-01,9.96E-01,9.96E-01,9.96E-01,9.97E-01,0.997484722,0.997990963,0.99846695,0.998893504,0.999254653,0.999540269,0.999747951,0.99988348,0.9999595,0.99999265,0.999999991,0.999995803,0.999989681,0.99998629,0.999986496,0.999989114,0.999992502,0.999995482,0.999997581,0.999998835,0.999999489,0.999999793,0.999999922,0.999999972,0.99999999,0.999999997,0.999999999,1,1,1,1,1,1,1,1,0.999999999,0.999999997,0.99999999,0.999999972,0.999999922,0.999999793,0.999999489,0.999998835,0.999997581,0.999995482,0.999992502,0.999989114,0.999986496,0.99998629,0.999989681,0.999995803,0.999999991,0.99999265,0.9999595,0.99988348,0.999747951,0.999540269,0.999254653,0.998893504,0.99846695,0.997990963,0.997484722,9.97E-01,9.96E-01,9.96E-01,9.96E-01,9.95E-01,9.95E-01,9.94E-01,9.94E-01,9.94E-01,9.94E-01,9.94E-01,9.94E-01,9.93E-01,9.93E-01,9.93E-01,9.93E-01,9.93E-01
9.92E-01,9.92E-01,9.92E-01,9.92E-01,9.92E-01,9.92E-01,9.92E-01,9.92E-01,9.92E-01,9.93E-01,9.93E-01,9.93E-01,9.94E-01,9.94E-01,9.95E-01,9.95E-01,9.96E-01,0.996677465,0.997313768,0.997918559,0.998467874,0.998940949,0.999323444,0.999609961,0.999804991,0.999921814,0.999979487,0.999998756,0.999998107,0.999991067,0.999985337,0.999983617,0.999985423,0.999989015,0.999992769,0.999995761,0.999997755,0.999998912,0.999999511,0.999999794,0.999999917,0.999999968,0.999999988,0.999999995,0.999999998,0.999999999,1,1,1,1,0.999999999,0.999999998,0.999999995,0.999999988,0.999999968,0.999999917,0.999999794,0.999999511,0.999998912,0.999997755,0.999995761,0.999992769,0.999989015,0.999985423,0.999983617,0.999985337,0.999991067,0.999998107,0.999998756,0.999979487,0.999921814,0.999804991,0.999609961,0.999323444,0.998940949,0.998467874,0.997918559,0.997313768,0.996677465,9.96E-01,9.95E-01,9.95E-01,9.94E-01,9.94E-01,9.93E-01,9.93E-01,9.93E-01,9.92E-01,9.92E-01,9.92E-01,9.92E-01,9.92E-01,9.92E-01,9.92E-01,9.92E-01,9.92E-01
9.90E-01,9.90E-01,9.90E-01,9.90E-01,9.90E-01,9.90E-01,9.90E-01,9.90E-01,9.91E-01,9.91E-01,9.91E-01,9.92E-01,9.92E-01,9.93E-01,9.93E-01,9.94E-01,9.95E-01,9.96E-01,0.996475382,0.997225802,0.997916925,0.998522554,0.99902321,0.999409349,0.999682956,0.999856858,0.999951766,0.999991821,0.999999939,0.99999425,0.99998643,0.999981992,0.999981953,0.999984968,0.999989127,0.999993,0.99999592,0.999997816,0.999998913,0.99999949,0.999999772,0.999999901,0.999999959,0.999999983,0.999999993,0.999999998,0.999999999,1,1,0.999999999,0.999999998,0.999999993,0.999999983,0.999999959,0.999999901,0.999999772,0.99999949,0.999998913,0.999997816,0.99999592,0.999993,0.999989127,0.999984968,0.999981953,0.999981992,0.99998643,0.99999425,0.999999939,0.999991821,0.999951766,0.999856858,0.999682956,0.999409349,0.99902321,0.998522554,0.997916925,0.997225802,0.996475382,9.96E-01,9.95E-01,9.94E-01,9.93E-01,9.93E-01,9.92E-01,9.92E-01,9.91E-01,9.91E-01,9.91E-01,9.90E-01,9.90E-01,9.90E-01,9.90E-01,9.90E-01,9.90E-01,9.90E-01,9.90E-01
9.88E-01,9.88E-01,9.88E-01,9.88E-01,9.88E-01,9.88E-01,9.88E-01,9.88E-01,9.89E-01,9.89E-01,9.89E-01,9.90E-01,9.90E-01,9.91E-01,9.92E-01,9.93E-01,9.94E-01,9.95E-01,0.995447256,0.99635953,0.997211723,0.99797168,0.998613888,0.999123442,0.999498421,0.999749826,0.9998989,0.999972511,0.999997899,0.999998239,0.999990046,0.999982714,0.999979782,0.999981078,0.999984843,0.999989247,0.999993098,0.999995928,0.999997762,0.99999884,0.999999426,0.999999727,0.999999874,0.999999943,0.999999976,0.999999991,0.999999997,1,1,0.999999997,0.999999991,0.999999976,0.999999943,0.999999874,0.999999727,0.999999426,0.99999884,0.999997762,0.999995928,0.999993098,0.999989247,0.999984843,0.999981078,0.999979782,0.999982714,0.999990046,0.999998239,0.999997899,0.999972511,0.9998989,0.999749826,0.999498421,0.999123442,0.998613888,0.99797168,0.997211723,0.99635953,0.995447256,9.95E-01,9.94E-01,9.93E-01,9.92E-01,9.91E-01,9.90E-01,9.90E-01,9.89E-01,9.89E-01,9.89E-01,9.88E-01,9.88E-01,9.88E-01,9.88E-01,9.88E-01,9.88E-01,9.88E-01,9.88E-01
9.86E-01,9.86E-01,9.86E-01,9.86E-01,9.86E-01,9.86E-01,9.86E-01,9.86E-01,9.86E-01,9.87E-01,9.87E-01,9.88E-01,9.88E-01,9.89E-01,9.90E-01,9.91E-01,9.92E-01,9.93E-01,0.994197864,0.995286955,0.996319023,0.997255608,0.998064373,0.998723835,0.999226648,0.999580364,0.999805289,0.999929937,0.999985358,0.999999881,0.999995515,0.999986562,0.999980242,0.999978592,0.999980747,0.999984857,0.999989278,0.999993034,0.999995787,0.999997598,0.999998695,0.99999932,0.999999658,0.999999834,0.999999924,0.999999969,0.999999991,0.999999999,0.999999999,0.999999991,0.999999969,0.999999924,0.999999834,0.999999658,0.99999932,0.999998695,0.999997598,0.999995787,0.999993034,0.999989278,0.999984857,0.999980747,0.999978592,0.999980242,0.999986562,0.999995515,0.999999881,0.999985358,0.999929937,0.999805289,0.999580364,0.999226648,0.998723835,0.998064373,0.997255608,0.996319023,0.995286955,0.994197864,9.93E-01,9.92E-01,9.91E-01,9.90E-01,9.89E-01,9.88E-01,9.88E-01,9.87E-01,9.87E-01,9.86E-01,9.86E-01,9.86E-01,9.86E-01,9.86E-01,9.86E-01,9.86E-01,9.86E-01,9.86E-01
9.83E-01,9.83E-01,9.83E-01,9.83E-01,9.83E-01,9.83E-01,9.83E-01,9.83E-01,9.84E-01,9.84E-01,9.85E-01,9.85E-01,9.86E-01,9.87E-01,9.88E-01,9.89E-01,9.90E-01,9.91E-01,9.93E-01,0.993971837,0.995201318,0.996336552,0.997337767,0.998175779,0.998836253,0.999321477,0.999649027,0.999847568,0.999950993,0.999992463,0.999999808,0.999993086,0.999984352,0.999979061,0.99997827,0.999980815,0.999984942,0.999989222,0.999992842,0.999995531,0.99999735,0.999998498,0.999999183,0.999999576,0.999999795,0.999999912,0.999999972,0.999999997,0.999999997,0.999999972,0.999999912,0.999999795,0.999999576,0.999999183,0.999998498,0.99999735,0.999995531,0.999992842,0.999989222,0.999984942,0.999980815,0.99997827,0.999979061,0.999984352,0.999993086,0.999999808,0.999992463,0.999950993,0.999847568,0.999649027,0.999321477,0.998836253,0.998175779,0.997337767,0.996336552,0.995201318,0.993971837,9.93E-01,9.91E-01,9.90E-01,9.89E-01,9.88E-01,9.87E-01,9.86E-01,9.85E-01,9.85E-01,9.84E-01,9.84E-01,9.83E-01,9.83E-01,9.83E-01,9.83E-01,9.83E-01,9.83E-01,9.83E-01,9.83E-01
9.81E-01,9.80E-01,9.80E-01,9.80E-01,9.80E-01,9.80E-01,9.81E-01,9.81E-01,9.81E-01,9.81E-01,9.82E-01,9.83E-01,9.83E-01,9.84E-01,9.85E-01,9.87E-01,9.88E-01,9.89E-01,9.91E-01,0.992374835,0.993817048,0.995171684,0.996391187,0.997437727,0.998288462,0.9989385,0.999400616,0.999701735,0.99987714,0.999964018,0.999995916,0.999999185,0.999991717,0.999983631,0.999979132,0.999978745,0.999981277,0.999985166,0.99998918,0.999992621,0.999995245,0.999997086,0.999998299,0.99999906,0.99999952,0.999999786,0.99999993,0.999999993,0.999999993,0.99999993,0.999999786,0.99999952,0.99999906,0.999998299,0.999997086,0.999995245,0.999992621,0.99998918,0.999985166,0.999981277,0.999978745,0.999979132,0.999983631,0.999991717,0.999999185,0.999995916,0.999964018,0.99987714,0.999701735,0.999400616,0.9989385,0.998288462,0.997437727,0.996391187,0.995171684,0.993817048,0.992374835,9.91E-01,9.89E-01,9.88E-01,9.87E-01,9.85E-01,9.84E-01,9.83E-01,9.83E-01,9.82E-01,9.81E-01,9.81E-01,9.81E-01,9.81E-01,9.80E-01,9.80E-01,9.80E-01,9.80E-01,9.80E-01,9.81E-01
9.78E-01,9.78E-01,9.77E-01,9.77E-01,9.77E-01,9.77E-01,9.78E-01,9.78E-01,9.78E-01,9.78E-01,9.79E-01,9.80E-01,9.81E-01,9.82E-01,9.83E-01,9.84E-01,9.86E-01,9.87E-01,9.89E-01,9.90E-01,0.992121013,0.993713386,0.995175787,0.996461074,0.99753655,0.998388208,0.999021764,0.999460134,0.999738069,0.999895447,0.99997092,0.999997248,0.999998884,0.999991734,0.99998444,0.999980439,0.999980066,0.999982269,0.999985715,0.99998935,0.999992556,0.999995086,0.999996934,0.999998205,0.999999037,0.999999555,0.99999985,0.999999984,0.999999984,0.99999985,0.999999555,0.999999037,0.999998205,0.999996934,0.999995086,0.999992556,0.99998935,0.999985715,0.999982269,0.999980066,0.999980439,0.99998444,0.999991734,0.999998884,0.999997248,0.99997092,0.999895447,0.999738069,0.999460134,0.999021764,0.998388208,0.99753655,0.996461074,0.995175787,0.993713386,0.992121013,9.90E-01,9.89E-01,9.87E-01,9.86E-01,9.84E-01,9.83E-01,9.82E-01,9.81E-01,9.80E-01,9.79E-01,9.78E-01,9.78E-01,9.78E-01,9.78E-01,9.77E-01,9.77E-01,9.77E-01,9.77E-01,9.78E-01,9.78E-01
9.75E-01,9.75E-01,9.74E-01,9.74E-01,9.74E-01,9.74E-01,9.74E-01,9.74E-01,9.75E-01,9.75E-01,9.76E-01,9.77E-01,9.77E-01,9.78E-01,9.80E-01,9.81E-01,9.83E-01,9.84E-01,9.86E-01,9.88E-01,0.99006499,0.991909727,0.993637024,0.995190154,0.996525501,0.997618124,0.998464323,0.999080439,0.999498302,0.999758591,0.999903899,0.999973002,0.999997242,0.999999187,0.999993125,0.999986705,0.999982986,0.999982359,0.999984011,0.999986858,0.999990006,0.999992897,0.999995272,0.999997075,0.999998358,0.999999214,0.99999973,0.999999971,0.999999971,0.99999973,0.999999214,0.999998358,0.999997075,0.999995272,0.999992897,0.999990006,0.999986858,0.999984011,0.999982359,0.999982986,0.999986705,0.999993125,0.999999187,0.999997242,0.999973002,0.999903899,0.999758591,0.999498302,0.999080439,0.998464323,0.997618124,0.996525501,0.995190154,0.993637024,0.991909727,0.99006499,9.88E-01,9.86E-01,9.84E-01,9.83E-01,9.81E-01,9.80E-01,9.78E-01,9.77E-01,9.77E-01,9.76E-01,9.75E-01,9.75E-01,9.74E-01,9.74E-01,9.74E-01,9.74E-01,9.74E-01,9.74E-01,9.75E-01,9.75E-01
9.72E-01,9.71E-01,9.71E-01,9.71E-01,9.71E-01,9.71E-01,9.71E-01,9.71E-01,9.71E-01,9.72E-01,9.72E-01,9.73E-01,9.74E-01,9.75E-01,9.76E-01,9.78E-01,9.80E-01,9.81E-01,9.83E-01,9.85E-01,9.88E-01,0.989705202,0.991715214,0.993562519,0.995191943,0.996566065,0.997669439,0.998509059,0.999111015,0.999514348,0.999763811,0.999903229,0.999970673,0.999995888,0.999999809,0.99999555,0.999990186,0.999986703,0.99998571,0.999986697,0.999988841,0.999991402,0.999993878,0.999995995,0.999997649,0.999998836,0.99999959,0.999999955,0.999999955,0.99999959,0.999998836,0.999997649,0.999995995,0.999993878,0.999991402,0.999988841,0.999986697,0.99998571,0.999986703,0.999990186,0.99999555,0.999999809,0.999995888,0.999970673,0.999903229,0.999763811,0.999514348,0.999111015,0.998509059,0.997669439,0.996566065,0.995191943,0.993562519,0.991715214,0.989705202,9.88E-01,9.85E-01,9.83E-01,9.81E-01,9.80E-01,9.78E-01,9.76E-01,9.75E-01,9.74E-01,9.73E-01,9.72E-01,9.72E-01,9.71E-01,9.71E-01,9.71E-01,9.71E-01,9.71E-01,9.71E-01,9.71E-01,9.71E-01,9.72E-01
9.68E-01,9.68E-01,9.68E-01,9.67E-01,9.67E-01,9.67E-01,9.67E-01,9.67E-01,9.67E-01,9.68E-01,9.68E-01,9.69E-01,9.70E-01,9.71E-01,9.73E-01,9.74E-01,9.76E-01,9.78E-01,9.80E-01,9.82E-01,9.85E-01,9.87E-01,0.989346407,0.991509561,0.993464423,0.995159984,0.99656694,0.997680081,0.998516592,0.999110878,0.999507424,0.999753491,0.999893133,0.999963337,0.999992361,0.999999879,0.999998254,0.999994337,0.999991263,0.999989971,0.999990301,0.9999917,0.99999359,0.999995532,0.999997246,0.999998585,0.99999949,0.999999943,0.999999943,0.99999949,0.999998585,0.999997246,0.999995532,0.99999359,0.9999917,0.999990301,0.999989971,0.999991263,0.999994337,0.999998254,0.999999879,0.999992361,0.999963337,0.999893133,0.999753491,0.999507424,0.999110878,0.998516592,0.997680081,0.99656694,0.995159984,0.993464423,0.991509561,0.989346407,9.87E-01,9.85E-01,9.82E-01,9.80E-01,9.78E-01,9.76E-01,9.74E-01,9.73E-01,9.71E-01,9.70E-01,9.69E-01,9.68E-01,9.68E-01,9.67E-01,9.67E-01,9.67E-01,9.67E-01,9.67E-01,9.67E-01,9.68E-01,9.68E-01,9.68E-01
9.65E-01,9.64E-01,9.64E-01,9.63E-01,9.63E-01,9.63E-01,9.63E-01,9.63E-01,9.63E-01,9.64E-01,9.64E-01,9.65E-01,9.66E-01,9.67E-01,9.68E-01,9.70E-01,9.72E-01,9.74E-01,9.76E-01,9.79E-01,9.81E-01,9.84E-01,9.86E-01,0.988957522,0.991264067,0.993318185,0.995075031,0.996514444,0.997641314,0.998481901,0.999077311,0.99947589,0.999726258,0.999872131,0.999949362,0.999985002,0.999997864,0.999999941,0.999998131,0.999995887,0.999994557,0.999994368,0.999995057,0.999996225,0.999997515,0.999998663,0.999999504,0.999999944,0.999999944,0.999999504,0.999998663,0.999997515,0.999996225,0.999995057,0.999994368,0.999994557,0.999995887,0.999998131,0.999999941,0.999997864,0.999985002,0.999949362,0.999872131,0.999726258,0.99947589,0.999077311,0.998481901,0.997641314,0.996514444,0.995075031,0.993318185,0.991264067,0.988957522,9.86E-01,9.84E-01,9.81E-01,9.79E-01,9.76E-01,9.74E-01,9.72E-01,9.70E-01,9.68E-01,9.67E-01,9.66E-01,9.65E-01,9.64E-01,9.64E-01,9.63E-01,9.63E-01,9.63E-01,9.63E-01,9.63E-01,9.63E-01,9.64E-01,9.64E-01,9.65E-01
9.61E-01,9.61E-01,9.60E-01,9.59E-01,9.59E-01,9.59E-01,9.59E-01,9.59E-01,9.59E-01,9.59E-01,9.60E-01,9.60E-01,9.61E-01,9.62E-01,9.64E-01,9.65E-01,9.67E-01,9.69E-01,9.72E-01,9.74E-01,9.77E-01,9.80E-01,9.83E-01,0.985828944,0.988505716,0.990949982,0.993100362,0.99491938,0.996396208,0.997545046,0.99839982,0.999006796,0.999416934,0.999679476,0.999837586,0.999926147,0.999971363,0.999991577,0.99999873,0.999999992,0.999999258,0.999998359,0.999997945,0.999998071,0.999998554,0.999999154,0.99999967,0.999999962,0.999999962,0.99999967,0.999999154,0.999998554,0.999998071,0.999997945,0.999998359,0.999999258,0.999999992,0.99999873,0.999991577,0.999971363,0.999926147,0.999837586,0.999679476,0.999416934,0.999006796,0.99839982,0.997545046,0.996396208,0.99491938,0.993100362,0.990949982,0.988505716,0.985828944,9.83E-01,9.80E-01,9.77E-01,9.74E-01,9.72E-01,9.69E-01,9.67E-01,9.65E-01,9.64E-01,9.62E-01,9.61E-01,9.60E-01,9.60E-01,9.59E-01,9.59E-01,9.59E-01,9.59E-01,9.59E-01,9.59E-01,9.59E-01,9.60E-01,9.60E-01,9.62E-01
9.60E-01,9.56E-01,9.56E-01,9.55E-01,9.55E-01,9.55E-01,9.54E-01,9.54E-01,9.54E-01,9.55E-01,9.55E-01,9.56E-01,9.56E-01,9.57E-01,9.59E-01,9.60E-01,9.62E-01,9.64E-01,9.67E-01,9.70E-01,9.73E-01,9.76E-01,9.79E-01,9.82E-01,0.985099626,0.987956936,0.990538623,0.992788245,0.994676116,0.996200244,0.997382956,0.998264397,0.998894689,0.999326523,0.999609387,0.999785933,0.999890369,0.999948437,0.999978374,0.999992349,0.999997988,0.999999744,0.999999996,0.999999868,0.999999783,0.999999818,0.999999915,0.999999989,0.999999989,0.999999915,0.999999818,0.999999783,0.999999868,0.999999996,0.999999744,0.999997988,0.999992349,0.999978374,0.999948437,0.999890369,0.999785933,0.999609387,0.999326523,0.998894689,0.998264397,0.997382956,0.996200244,0.994676116,0.992788245,0.990538623,0.987956936,0.985099626,9.82E-01,9.79E-01,9.76E-01,9.73E-01,9.70E-01,9.67E-01,9.64E-01,9.62E-01,9.60E-01,9.59E-01,9.57E-01,9.56E-01,9.56E-01,9.55E-01,9.55E-01,9.54E-01,9.54E-01,9.54E-01,9.55E-01,9.55E-01,9.55E-01,9.56E-01,9.57E-01,9.61E-01
9.62E-01,9.53E-01,9.51E-01,9.51E-01,9.50E-01,9.50E-01,9.50E-01,9.49E-01,9.49E-01,9.49E-01,9.50E-01,9.50E-01,9.51E-01,9.52E-01,9.53E-01,9.55E-01,9.57E-01,9.59E-01,9.61E-01,9.64E-01,9.67E-01,9.71E-01,9.74E-01,9.78E-01,9.81E-01,0.984234812,0.987275833,0.990000928,0.992359118,0.994328224,0.995914114,0.997145903,0.998068624,0.998735256,0.999199685,0.999511547,0.99971319,0.999838523,0.999913216,0.99995574,0.999978744,0.999990485,0.999996081,0.99999854,0.999999519,0.999999864,0.999999971,0.999999998,0.999999998,0.999999971,0.999999864,0.999999519,0.99999854,0.999996081,0.999990485,0.999978744,0.99995574,0.999913216,0.999838523,0.99971319,0.999511547,0.999199685,0.998735256,0.998068624,0.997145903,0.995914114,0.994328224,0.992359118,0.990000928,0.987275833,0.984234812,9.81E-01,9.78E-01,9.74E-01,9.71E-01,9.67E-01,9.64E-01,9.61E-01,9.59E-01,9.57E-01,9.55E-01,9.53E-01,9.52E-01,9.51E-01,9.50E-01,9.50E-01,9.49E-01,9.49E-01,9.49E-01,9.50E-01,9.50E-01,9.50E-01,9.51E-01,9.51E-01,9.53E-01,9.60E-01
9.65E-01,9.51E-01,9.47E-01,9.46E-01,9.46E-01,9.45E-01,9.45E-01,9.44E-01,9.44E-01,9.44E-01,9.44E-01,9.45E-01,9.45E-01,9.46E-01,9.47E-01,9.49E-01,9.51E-01,9.53E-01,9.55E-01,9.58E-01,9.61E-01,9.65E-01,9.68E-01,9.72E-01,9.76E-01,9.80E-01,9.83E-01,0.98642511,0.989306598,0.991789313,0.993857741,0.995524351,0.996823693,0.997804574,0.998522128,0.999031187,0.999381641,0.999615871,0.999767893,0.99986371,0.999922348,0.999957181,0.999977259,0.999988484,0.999994563,0.999997737,0.999999296,0.999999927,0.999999927,0.999999296,0.999997737,0.999994563,0.999988484,0.999977259,0.999957181,0.999922348,0.99986371,0.999767893,0.999615871,0.999381641,0.999031187,0.998522128,0.997804574,0.996823693,0.995524351,0.993857741,0.991789313,0.989306598,0.98642511,9.83E-01,9.80E-01,9.76E-01,9.72E-01,9.68E-01,9.65E-01,9.61E-01,9.58E-01,9.55E-01,9.53E-01,9.51E-01,9.49E-01,9.47E-01,9.46E-01,9.45E-01,9.45E-01,9.44E-01,9.44E-01,9.44E-01,9.44E-01,9.45E-01,9.45E-01,9.46E-01,9.46E-01,9.47E-01,9.50E-01,9.62E-01
9.80E-01,9.55E-01,9.44E-01,9.41E-01,9.41E-01,9.40E-01,9.39E-01,9.39E-01,9.39E-01,9.39E-01,9.39E-01,9.39E-01,9.39E-01,9.40E-01,9.41E-01,9.43E-01,9.44E-01,9.46E-01,9.49E-01,9.52E-01,9.55E-01,9.58E-01,9.62E-01,9.66E-01,9.70E-01,9.74E-01,9.78E-01,9.82E-01,0.985364364,0.988422929,0.991053198,0.993245063,0.995016168,0.996405237,0.997463954,0.99824917,0.998816633,0.999216753,0.999492353,0.999678005,0.999800437,0.999879555,0.999929687,0.99996083,0.99997975,0.999990878,0.999996988,0.99999968,0.99999968,0.999996988,0.999990878,0.99997975,0.99996083,0.999929687,0.999879555,0.999800437,0.999678005,0.999492353,0.999216753,0.998816633,0.99824917,0.997463954,0.996405237,0.995016168,0.993245063,0.991053198,0.988422929,0.985364364,9.82E-01,9.78E-01,9.74E-01,9.70E-01,9.66E-01,9.62E-01,9.58E-01,9.55E-01,9.52E-01,9.49E-01,9.46E-01,9.44E-01,9.43E-01,9.41E-01,9.40E-01,9.39E-01,9.39E-01,9.39E-01,9.39E-01,9.39E-01,9.39E-01,9.39E-01,9.40E-01,9.41E-01,9.42E-01,9.44E-01,9.50E-01,9.88E-01
9.84E-01,9.58E-01,9.43E-01,9.37E-01,9.35E-01,9.35E-01,9.34E-01,9.33E-01,9.33E-01,9.33E-01,9.33E-01,9.33E-01,9.33E-01,9.34E-01,9.34E-01,9.36E-01,9.37E-01,9.39E-01,9.41E-01,9.44E-01,9.47E-01,9.51E-01,9.55E-01,9.59E-01,9.63E-01,9.68E-01,9.72E-01,9.76E-01,9.80E-01,0.984048404,0.987313372,0.990122138,0.992468403,0.994373481,0.995879093,0.997039096,0.99791182,0.998554065,0.999017127,0.99934474,0.999572491,0.999728233,0.999833044,0.999902398,0.999947322,0.999975415,0.999991675,0.999999103,0.999999103,0.999991675,0.999975415,0.999947322,0.999902398,0.999833044,0.999728233,0.999572491,0.99934474,0.999017127,0.998554065,0.99791182,0.997039096,0.995879093,0.994373481,0.992468403,0.990122138,0.987313372,0.984048404,9.80E-01,9.76E-01,9.72E-01,9.68E-01,9.63E-01,9.59E-01,9.55E-01,9.51E-01,9.47E-01,9.44E-01,9.41E-01,9.39E-01,9.37E-01,9.36E-01,9.34E-01,9.34E-01,9.33E-01,9.33E-01,9.33E-01,9.33E-01,9.33E-01,9.33E-01,9.34E-01,9.35E-01,9.35E-01,9.37E-01,9.42E-01,9.59E-01,9.87E-01
1.00E+00,9.74E-01,9.54E-01,9.33E-01,9.30E-01,9.29E-01,9.28E-01,9.27E-01,9.27E-01,9.26E-01,9.26E-01,9.26E-01,9.26E-01,9.27E-01,9.27E-01,9.28E-01,9.30E-01,9.31E-01,9.34E-01,9.36E-01,9.39E-01,9.43E-01,9.47E-01,9.51E-01,9.55E-01,9.60E-01,9.65E-01,9.70E-01,9.74E-01,9.78E-01,9.82E-01,0.985935745,0.988963339,0.991503359,0.993579176,0.995234376,0.996524394,0.997508929,0.998246064,0.99878841,0.999181099,0.999461187,0.999658004,0.999794022,0.999885922,0.999945649,0.999981328,0.999997974,0.999997974,0.999981328,0.999945649,0.999885922,0.999794022,0.999658004,0.999461187,0.999181099,0.99878841,0.998246064,0.997508929,0.996524394,0.995234376,0.993579176,0.991503359,0.988963339,0.985935745,9.82E-01,9.78E-01,9.74E-01,9.70E-01,9.65E-01,9.60E-01,9.55E-01,9.51E-01,9.47E-01,9.43E-01,9.39E-01,9.36E-01,9.34E-01,9.31E-01,9.30E-01,9.28E-01,9.27E-01,9.27E-01,9.26E-01,9.26E-01,9.26E-01,9.26E-01,9.27E-01,9.27E-01,9.28E-01,9.29E-01,9.30E-01,9.33E-01,9.47E-01,9.79E-01,1.00E+00
1.00E+00,9.73E-01,9.63E-01,9.36E-01,9.26E-01,9.23E-01,9.22E-01,9.21E-01,9.21E-01,9.20E-01,9.20E-01,9.19E-01,9.19E-01,9.19E-01,9.20E-01,9.21E-01,9.22E-01,9.23E-01,9.25E-01,9.28E-01,9.30E-01,9.34E-01,9.37E-01,9.42E-01,9.46E-01,9.51E-01,9.56E-01,9.61E-01,9.66E-01,9.71E-01,9.76E-01,9.80E-01,0.984239837,0.987538384,0.990322426,0.992615561,0.994462024,0.99591823,0.997045147,0.997902389,0.998544305,0.999017876,0.999362002,0.999607712,0.999778888,0.999893189,0.999962954,0.999995961,0.999995961,0.999962954,0.999893189,0.999778888,0.999607712,0.999362002,0.999017876,0.998544305,0.997902389,0.997045147,0.99591823,0.994462024,0.992615561,0.990322426,0.987538384,0.984239837,9.80E-01,9.76E-01,9.71E-01,9.66E-01,9.61E-01,9.56E-01,9.51E-01,9.46E-01,9.42E-01,9.37E-01,9.34E-01,9.30E-01,9.28E-01,9.25E-01,9.23E-01,9.22E-01,9.21E-01,9.20E-01,9.19E-01,9.19E-01,9.19E-01,9.20E-01,9.20E-01,9.21E-01,9.21E-01,9.22E-01,9.23E-01,9.25E-01,9.35E-01,9.62E-01,9.86E-01,1.00E+00
1.00E+00,1.00E+00,9.84E-01,9.48E-01,9.23E-01,9.18E-01,9.16E-01,9.15E-01,9.14E-01,9.13E-01,9.13E-01,9.12E-01,9.12E-01,9.12E-01,9.12E-01,9.12E-01,9.13E-01,9.15E-01,9.16E-01,9.18E-01,9.21E-01,9.24E-01,9.27E-01,9.31E-01,9.36E-01,9.41E-01,9.46E-01,9.52E-01,9.57E-01,9.63E-01,9.68E-01,9.73E-01,9.78E-01,9.82E-01,9.86E-01,0.988894205,0.991464866,0.993556422,0.995225453,0.996533947,0.997543174,0.998309514,0.998882091,0.999301805,0.999601294,0.999805437,0.999932048,0.999992565,0.999992565,0.999932048,0.999805437,0.999601294,0.999301805,0.998882091,0.998309514,0.997543174,0.996533947,0.995225453,0.993556422,0.991464866,0.988894205,9.86E-01,9.82E-01,9.78E-01,9.73E-01,9.68E-01,9.63E-01,9.57E-01,9.52E-01,9.46E-01,9.41E-01,9.36E-01,9.31E-01,9.27E-01,9.24E-01,9.21E-01,9.18E-01,9.16E-01,9.15E-01,9.13E-01,9.12E-01,9.12E-01,9.12E-01,9.12E-01,9.12E-01,9.13E-01,9.13E-01,9.14E-01,9.15E-01,9.16E-01,9.18E-01,9.24E-01,9.44E-01,9.91E-01,1.00E+00,1.00E+00
1.00E+00,1.00E+00,1.00E+00,9.74E-01,9.30E-01,9.14E-01,9.10E-01,9.09E-01,9.07E-01,9.06E-01,9.05E-01,9.05E-01,9.04E-01,9.04E-01,9.04E-01,9.04E-01,9.04E-01,9.05E-01,9.07E-01,9.08E-01,9.11E-01,9.13E-01,9.17E-01,9.20E-01,9.25E-01,9.30E-01,9.35E-01,9.40E-01,9.46E-01,9.52E-01,9.58E-01,9.64E-01,9.70E-01,9.75E-01,9.80E-01,9.84E-01,9.87E-01,0.99010965,0.992517443,0.994460628,0.996001513,0.997202758,0.998122704,0.998812509,0.99931473,0.999662891,0.999881618,0.999987011,0.999987011,0.999881618,0.999662891,0.99931473,0.998812509,0.998122704,0.997202758,0.996001513,0.994460628,0.992517443,0.99010965,9.87E-01,9.84E-01,9.80E-01,9.75E-01,9.70E-01,9.64E-01,9.58E-01,9.52E-01,9.46E-01,9.40E-01,9.35E-01,9.30E-01,9.25E-01,9.20E-01,9.17E-01,9.13E-01,9.11E-01,9.08E-01,9.07E-01,9.05E-01,9.04E-01,9.04E-01,9.04E-01,9.04E-01,9.04E-01,9.05E-01,9.05E-01,9.06E-01,9.07E-01,9.09E-01,9.10E-01,9.14E-01,9.23E-01,9.79E-01,1.00E+00,1.00E+00,1.00E+00
1.00E+00,1.00E+00,1.00E+00,9.68E-01,9.55E-01,9.18E-01,9.04E-01,9.02E-01,9.00E-01,8.99E-01,8.98E-01,8.97E-01,8.96E-01,8.96E-01,8.95E-01,8.95E-01,8.95E-01,8.96E-01,8.97E-01,8.98E-01,9.00E-01,9.02E-01,9.05E-01,9.08E-01,9.12E-01,9.17E-01,9.22E-01,9.28E-01,9.34E-01,9.40E-01,9.47E-01,9.53E-01,9.59E-01,9.66E-01,9.71E-01,9.77E-01,9.81E-01,9.85E-01,9.89E-01,9.91E-01,9.94E-01,0.995491914,0.996934216,0.998038789,0.998857828,0.999434198,0.999800374,0.999978045,0.999978045,0.999800374,0.999434198,0.998857828,0.998038789,0.996934216,0.995491914,9.94E-01,9.91E-01,9.89E-01,9.85E-01,9.81E-01,9.77E-01,9.71E-01,9.66E-01,9.59E-01,9.53E-01,9.47E-01,9.40E-01,9.34E-01,9.28E-01,9.22E-01,9.17E-01,9.12E-01,9.08E-01,9.05E-01,9.02E-01,9.00E-01,8.98E-01,8.97E-01,8.96E-01,8.95E-01,8.95E-01,8.95E-01,8.96E-01,8.96E-01,8.97E-01,8.98E-01,8.99E-01,9.00E-01,9.02E-01,9.05E-01,9.16E-01,9.50E-01,9.77E-01,1.00E+00,1.00E+00,1.00E+00
1.00E+00,1.00E+00,1.00E+00,1.00E+00,9.80E-01,9.44E-01,9.03E-01,8.97E-01,8.94E-01,8.92E-01,8.90E-01,8.89E-01,8.88E-01,8.87E-01,8.86E-01,8.86E-01,8.86E-01,8.86E-01,8.86E-01,8.87E-01,8.88E-01,8.90E-01,8.92E-01,8.95E-01,8.99E-01,9.03E-01,9.08E-01,9.13E-01,9.19E-01,9.26E-01,9.32E-01,9.39E-01,9.46E-01,9.54E-01,9.60E-01,9.67E-01,9.73E-01,9.78E-01,9.83E-01,9.87E-01,9.90E-01,9.93E-01,9.95E-01,9.97E-01,9.98E-01,9.99E-01,1.00E+00,1.00E+00,1.00E+00,1.00E+00,9.99E-01,9.98E-01,9.97E-01,9.95E-01,9.93E-01,9.90E-01,9.87E-01,9.83E-01,9.78E-01,9.73E-01,9.67E-01,9.60E-01,9.54E-01,9.46E-01,9.39E-01,9.32E-01,9.26E-01,9.19E-01,9.13E-01,9.08E-01,9.03E-01,8.99E-01,8.95E-01,8.92E-01,8.90E-01,8.88E-01,8.87E-01,8.86E-01,8.86E-01,8.86E-01,8.86E-01,8.86E-01,8.87E-01,8.88E-01,8.89E-01,8.90E-01,8.92E-01,8.94E-01,8.96E-01,9.04E-01,9.36E-01,9.88E-01,1.00E+00,1.00E+00,1.00E+00,1.00E+00
1.00E+00,1.00E+00,1.00E+00,1.00E+00,1.00E+00,9.56E-01,9.18E-01,8.93E-01,8.87E-01,8.84E-01,8.83E-01,8.81E-01,8.80E-01,8.78E-01,8.77E-01,8.76E-01,8.76E-01,8.75E-01,8.75E-01,8.76E-01,8.76E-01,8.78E-01,8.79E-01,8.82E-01,8.85E-01,8.88E-01,8.92E-01,8.97E-01,9.03E-01,9.09E-01,9.16E-01,9.23E-01,9.31E-01,9.38E-01,9.46E-01,9.54E-01,9.61E-01,9.68E-01,9.74E-01,9.80E-01,9.85E-01,9.89E-01,9.92E-01,9.95E-01,9.97E-01,9.98E-01,9.99E-01,1.00E+00,1.00E+00,9.99E-01,9.98E-01,9.97E-01,9.95E-01,9.92E-01,9.89E-01,9.85E-01,9.80E-01,9.74E-01,9.68E-01,9.61E-01,9.54E-01,9.46E-01,9.38E-01,9.31E-01,9.23E-01,9.16E-01,9.09E-01,9.03E-01,8.97E-01,8.92E-01,8.88E-01,8.85E-01,8.82E-01,8.79E-01,8.78E-01,8.76E-01,8.76E-01,8.75E-01,8.75E-01,8.76E-01,8.76E-01,8.77E-01,8.78E-01,8.80E-01,8.81E-01,8.83E-01,8.84E-01,8.87E-01,8.93E-01,9.14E-01,9.68E-01,1.00E+00,1.00E+00,1.00E+00,1.00E+00,1.00E+00
1.00E+00,1.00E+00,1.00E+00,1.00E+00,1.00E+00,9.81E-01,9.63E-01,9.06E-01,8.83E-01,8.77E-01,8.75E-01,8.73E-01,8.71E-01,8.69E-01,8.68E-01,8.66E-01,8.65E-01,8.65E-01,8.64E-01,8.64E-01,8.64E-01,8.65E-01,8.66E-01,8.67E-01,8.69E-01,8.72E-01,8.76E-01,8.80E-01,8.85E-01,8.90E-01,8.97E-01,9.04E-01,9.11E-01,9.20E-01,9.28E-01,9.37E-01,9.45E-01,9.54E-01,9.62E-01,9.70E-01,9.76E-01,9.82E-01,9.87E-01,9.92E-01,9.95E-01,9.97E-01,9.99E-01,1.00E+00,1.00E+00,9.99E-01,9.97E-01,9.95E-01,9.92E-01,9.87E-01,9.82E-01,9.76E-01,9.70E-01,9.62E-01,9.54E-01,9.45E-01,9.37E-01,9.28E-01,9.20E-01,9.11E-01,9.04E-01,8.97E-01,8.90E-01,8.85E-01,8.80E-01,8.76E-01,8.72E-01,8.69E-01,8.67E-01,8.66E-01,8.65E-01,8.64E-01,8.64E-01,8.64E-01,8.65E-01,8.65E-01,8.66E-01,8.68E-01,8.69E-01,8.71E-01,8.73E-01,8.75E-01,8.77E-01,8.83E-01,9.02E-01,9.77E-01,9.81E-01,1.00E+00,1.00E+00,1.00E+00,1.00E+00,1.00E+00
1.00E+00,1.00E+00,1.00E+00,1.00E+00,1.00E+00,1.00E+00,9.65E-01,9.38E-01,8.94E-01,8.72E-01,8.67E-01,8.64E-01,8.62E-01,8.60E-01,8.58E-01,8.56E-01,8.55E-01,8.54E-01,8.52E-01,8.52E-01,8.51E-01,8.51E-01,8.51E-01,8.52E-01,8.54E-01,8.55E-01,8.58E-01,8.61E-01,8.65E-01,8.70E-01,8.76E-01,8.82E-01,8.89E-01,8.97E-01,9.06E-01,9.15E-01,9.25E-01,9.35E-01,9.44E-01,9.54E-01,9.63E-01,9.72E-01,9.80E-01,9.86E-01,9.92E-01,9.96E-01,9.98E-01,1.00E+00,1.00E+00,9.98E-01,9.96E-01,9.92E-01,9.86E-01,9.80E-01,9.72E-01,9.63E-01,9.54E-01,9.44E-01,9.35E-01,9.25E-01,9.15E-01,9.06E-01,8.97E-01,8.89E-01,8.82E-01,8.76E-01,8.70E-01,8.65E-01,8.61E-01,8.58E-01,8.55E-01,8.54E-01,8.52E-01,8.51E-01,8.51E-01,8.51E-01,8.52E-01,8.52E-01,8.54E-01,8.55E-01,8.56E-01,8.58E-01,8.60E-01,8.62E-01,8.64E-01,8.67E-01,8.72E-01,8.91E-01,9.50E-01,9.71E-01,1.00E+00,1.00E+00,1.00E+00,1.00E+00,1.00E+00,1.00E+00
1.00E+00,1.00E+00,1.00E+00,1.00E+00,1.00E+00,1.00E+00,1.00E+00,9.57E-01,9.28E-01,8.83E-01,8.61E-01,8.56E-01,8.53E-01,8.51E-01,8.48E-01,8.46E-01,8.44E-01,8.42E-01,8.41E-01,8.39E-01,8.38E-01,8.37E-01,8.37E-01,8.37E-01,8.37E-01,8.38E-01,8.40E-01,8.42E-01,8.44E-01,8.48E-01,8.52E-01,8.58E-01,8.64E-01,8.71E-01,8.79E-01,8.88E-01,8.98E-01,9.09E-01,9.20E-01,9.32E-01,9.44E-01,9.55E-01,9.66E-01,9.77E-01,9.85E-01,9.92E-01,9.97E-01,1.00E+00,1.00E+00,9.97E-01,9.92E-01,9.85E-01,9.77E-01,9.66E-01,9.55E-01,9.44E-01,9.32E-01,9.20E-01,9.09E-01,8.98E-01,8.88E-01,8.79E-01,8.71E-01,8.64E-01,8.58E-01,8.52E-01,8.48E-01,8.44E-01,8.42E-01,8.40E-01,8.38E-01,8.37E-01,8.37E-01,8.37E-01,8.37E-01,8.38E-01,8.39E-01,8.41E-01,8.42E-01,8.44E-01,8.46E-01,8.48E-01,8.51E-01,8.53E-01,8.56E-01,8.61E-01,8.77E-01,9.25E-01,9.73E-01,1.00E+00,1.00E+00,1.00E+00,1.00E+00,1.00E+00,1.00E+00,1.00E+00
1.00E+00,1.00E+00,1.00E+00,1.00E+00,1.00E+00,1.00E+00,1.00E+00,1.00E+00,9.69E-01,9.19E-01,8.75E-01,8.50E-01,8.45E-01,8.41E-01,8.38E-01,8.36E-01,8.33E-01,8.31E-01,8.29E-01,8.27E-01,8.25E-01,8.23E-01,8.22E-01,8.21E-01,8.20E-01,8.20E-01,8.20E-01,8.21E-01,8.23E-01,8.25E-01,8.28E-01,8.31E-01,8.36E-01,8.42E-01,8.48E-01,8.56E-01,8.65E-01,8.75E-01,8.87E-01,8.99E-01,9.13E-01,9.28E-01,9.43E-01,9.59E-01,9.73E-01,9.85E-01,9.94E-01,9.99E-01,9.99E-01,9.94E-01,9.85E-01,9.73E-01,9.59E-01,9.43E-01,9.28E-01,9.13E-01,8.99E-01,8.87E-01,8.75E-01,8.65E-01,8.56E-01,8.48E-01,8.42E-01,8.36E-01,8.31E-01,8.28E-01,8.25E-01,8.23E-01,8.21E-01,8.20E-01,8.20E-01,8.20E-01,8.21E-01,8.22E-01,8.23E-01,8.25E-01,8.27E-01,8.29E-01,8.31E-01,8.33E-01,8.36E-01,8.38E-01,8.41E-01,8.45E-01,8.49E-01,8.69E-01,9.14E-01,9.76E-01,1.00E+00,1.00E+00,1.00E+00,1.00E+00,1.00E+00,1.00E+00,1.00E+00,1.00E+00
1.00E+00,1.00E+00,1.00E+00,1.00E+00,1.00E+00,1.00E+00,1.00E+00,1.00E+00,1.00E+00,9.69E-01,9.14E-01,8.66E-01,8.38E-01,8.32E-01,8.28E-01,8.25E-01,8.22E-01,8.19E-01,8.17E-01,8.14E-01,8.11E-01,8.09E-01,8.07E-01,8.05E-01,8.03E-01,8.02E-01,8.01E-01,8.00E-01,8.00E-01,8.01E-01,8.02E-01,8.04E-01,8.06E-01,8.10E-01,8.14E-01,8.19E-01,8.26E-01,8.34E-01,8.44E-01,8.55E-01,8.69E-01,8.85E-01,9.03E-01,9.24E-01,9.46E-01,9.68E-01,9.87E-01,9.98E-01,9.98E-01,9.87E-01,9.68E-01,9.46E-01,9.24E-01,9.03E-01,8.85E-01,8.69E-01,8.55E-01,8.44E-01,8.34E-01,8.26E-01,8.19E-01,8.14E-01,8.10E-01,8.06E-01,8.04E-01,8.02E-01,8.01E-01,8.00E-01,8.00E-01,8.01E-01,8.02E-01,8.03E-01,8.05E-01,8.07E-01,8.09E-01,8.11E-01,8.14E-01,8.17E-01,8.19E-01,8.22E-01,8.25E-01,8.29E-01,8.32E-01,8.37E-01,8.60E-01,9.08E-01,9.76E-01,1.00E+00,1.00E+00,1.00E+00,1.00E+00,1.00E+00,1.00E+00,1.00E+00,1.00E+00,1.00E+00
1.00E+00,1.00E+00,1.00E+00,1.00E+00,1.00E+00,1.00E+00,1.00E+00,1.00E+00,1.00E+00,1.00E+00,9.69E-01,9.10E-01,8.53E-01,8.27E-01,8.19E-01,8.15E-01,8.11E-01,8.08E-01,8.04E-01,8.01E-01,7.98E-01,7.95E-01,7.92E-01,7.89E-01,7.86E-01,7.84E-01,7.81E-01,7.79E-01,7.78E-01,7.76E-01,7.76E-01,7.75E-01,7.75E-01,7.76E-01,7.77E-01,7.80E-01,7.83E-01,7.87E-01,7.92E-01,8.00E-01,8.09E-01,8.21E-01,8.36E-01,8.56E-01,8.83E-01,9.19E-01,9.60E-01,9.95E-01,9.95E-01,9.60E-01,9.19E-01,8.83E-01,8.56E-01,8.36E-01,8.21E-01,8.09E-01,8.00E-01,7.92E-01,7.87E-01,7.83E-01,7.80E-01,7.77E-01,7.76E-01,7.75E-01,7.75E-01,7.76E-01,7.76E-01,7.78E-01,7.79E-01,7.81E-01,7.84E-01,7.86E-01,7.89E-01,7.92E-01,7.95E-01,7.98E-01,8.01E-01,8.04E-01,8.08E-01,8.11E-01,8.15E-01,8.19E-01,8.27E-01,8.51E-01,8.97E-01,9.76E-01,1.00E+00,1.00E+00,1.00E+00,1.00E+00,1.00E+00,1.00E+00,1.00E+00,1.00E+00,1.00E+00,1.00E+00
1.00E+00,1.00E+00,1.00E+00,1.00E+00,1.00E+00,1.00E+00,1.00E+00,1.00E+00,1.00E+00,1.00E+00,1.00E+00,9.62E-01,9.16E-01,8.45E-01,8.13E-01,8.06E-01,8.01E-01,7.96E-01,7.92E-01,7.88E-01,7.84E-01,7.80E-01,7.76E-01,7.73E-01,7.69E-01,7.65E-01,7.62E-01,7.58E-01,7.55E-01,7.52E-01,7.49E-01,7.46E-01,7.44E-01,7.42E-01,7.40E-01,7.38E-01,7.37E-01,7.36E-01,7.36E-01,7.36E-01,7.37E-01,7.38E-01,7.41E-01,7.46E-01,7.55E-01,7.71E-01,8.05E-01,9.16E-01,9.16E-01,8.05E-01,7.71E-01,7.55E-01,7.46E-01,7.41E-01,7.38E-01,7.37E-01,7.36E-01,7.36E-01,7.36E-01,7.37E-01,7.38E-01,7.40E-01,7.42E-01,7.44E-01,7.46E-01,7.49E-01,7.52E-01,7.55E-01,7.58E-01,7.62E-01,7.65E-01,7.69E-01,7.73E-01,7.76E-01,7.80E-01,7.84E-01,7.88E-01,7.92E-01,7.96E-01,8.00E-01,8.05E-01,8.15E-01,8.42E-01,9.14E-01,9.73E-01,1.00E+00,1.00E+00,1.00E+00,1.00E+00,1.00E+00,1.00E+00,1.00E+00,1.00E+00,1.00E+00,1.00E+00,1.00E+00
1.00E+00,1.00E+00,1.00E+00,1.00E+00,1.00E+00,1.00E+00,1.00E+00,1.00E+00,1.00E+00,1.00E+00,1.00E+00,1.00E+00,9.58E-01,9.23E-01,8.44E-01,8.04E-01,7.92E-01,7.85E-01,7.80E-01,7.75E-01,7.71E-01,7.66E-01,7.61E-01,7.57E-01,7.52E-01,7.47E-01,7.42E-01,7.38E-01,7.33E-01,7.28E-01,7.23E-01,7.18E-01,7.13E-01,7.08E-01,7.03E-01,6.97E-01,6.91E-01,6.85E-01,6.78E-01,6.70E-01,6.61E-01,6.49E-01,6.34E-01,6.14E-01,5.83E-01,5.32E-01,4.29E-01,1.92E-01,1.92E-01,4.29E-01,5.32E-01,5.83E-01,6.14E-01,6.34E-01,6.49E-01,6.61E-01,6.70E-01,6.78E-01,6.85E-01,6.91E-01,6.97E-01,7.03E-01,7.08E-01,7.13E-01,7.18E-01,7.23E-01,7.28E-01,7.33E-01,7.38E-01,7.42E-01,7.47E-01,7.52E-01,7.57E-01,7.61E-01,7.66E-01,7.71E-01,7.75E-01,7.80E-01,7.85E-01,7.92E-01,8.02E-01,8.40E-01,9.20E-01,9.69E-01,1.00E+00,1.00E+00,1.00E+00,1.00E+00,1.00E+00,1.00E+00,1.00E+00,1.00E+00,1.00E+00,1.00E+00,1.00E+00,1.00E+00
1.00E+00,1.00E+00,1.00E+00,1.00E+00,1.00E+00,1.00E+00,1.00E+00,1.00E+00,1.00E+00,1.00E+00,1.00E+00,1.00E+00,1.00E+00,9.55E-01,9.41E-01,8.36E-01,7.92E-01,7.78E-01,7.69E-01,7.63E-01,7.57E-01,7.52E-01,7.46E-01,7.41E-01,7.35E-01,7.29E-01,7.23E-01,7.17E-01,7.11E-01,7.04E-01,6.97E-01,6.90E-01,6.83E-01,6.75E-01,6.67E-01,6.57E-01,6.47E-01,6.36E-01,6.23E-01,6.07E-01,5.89E-01,5.66E-01,5.36E-01,4.97E-01,4.42E-01,3.63E-01,2.48E-01,8.97E-02,8.97E-02,2.48E-01,3.63E-01,4.42E-01,4.97E-01,5.36E-01,5.66E-01,5.89E-01,6.07E-01,6.23E-01,6.36E-01,6.47E-01,6.57E-01,6.67E-01,6.75E-01,6.83E-01,6.90E-01,6.97E-01,7.04E-01,7.11E-01,7.17E-01,7.23E-01,7.29E-01,7.35E-01,7.41E-01,7.46E-01,7.52E-01,7.57E-01,7.63E-01,7.69E-01,7.77E-01,7.90E-01,8.37E-01,9.55E-01,9.69E-01,1.00E+00,1.00E+00,1.00E+00,1.00E+00,1.00E+00,1.00E+00,1.00E+00,1.00E+00,1.00E+00,1.00E+00,1.00E+00,1.00E+00,1.00E+00
1.00E+00,1.00E+00,1.00E+00,1.00E+00,1.00E+00,1.00E+00,1.00E+00,1.00E+00,1.00E+00,1.00E+00,1.00E+00,1.00E+00,1.00E+00,1.00E+00,9.82E-01,9.14E-01,8.51E-01,7.91E-01,7.63E-01,7.52E-01,7.45E-01,7.38E-01,7.31E-01,7.25E-01,7.18E-01,7.11E-01,7.04E-01,6.97E-01,6.89E-01,6.81E-01,6.73E-01,6.64E-01,6.54E-01,6.44E-01,6.32E-01,6.20E-01,6.06E-01,5.90E-01,5.72E-01,5.51E-01,5.26E-01,4.95E-01,4.58E-01,4.10E-01,3.49E-01,2.71E-01,1.74E-01,6.02E-02,6.02E-02,1.74E-01,2.71E-01,3.49E-01,4.10E-01,4.58E-01,4.95E-01,5.26E-01,5.51E-01,5.72E-01,5.90E-01,6.06E-01,6.20E-01,6.32E-01,6.44E-01,6.54E-01,6.64E-01,6.73E-01,6.81E-01,6.89E-01,6.97E-01,7.04E-01,7.11E-01,7.18E-01,7.25E-01,7.31E-01,7.38E-01,7.44E-01,7.51E-01,7.63E-01,7.95E-01,8.51E-01,9.20E-01,9.81E-01,1.00E+00,1.00E+00,1.00E+00,1.00E+00,1.00E+00,1.00E+00,1.00E+00,1.00E+00,1.00E+00,1.00E+00,1.00E+00,1.00E+00,1.00E+00,1.00E+00
1.00E+00,1.00E+00,1.00E+00,1.00E+00,1.00E+00,1.00E+00,1.00E+00,1.00E+00,1.00E+00,1.00E+00,1.00E+00,1.00E+00,1.00E+00,1.00E+00,1.00E+00,1.00E+00,9.49E-01,8.90E-01,8.00E-01,7.53E-01,7.36E-01,7.25E-01,7.18E-01,7.10E-01,7.02E-01,6.94E-01,6.86E-01,6.78E-01,6.69E-01,6.59E-01,6.49E-01,6.38E-01,6.27E-01,6.14E-01,6.01E-01,5.85E-01,5.68E-01,5.49E-01,5.28E-01,5.03E-01,4.73E-01,4.38E-01,3.97E-01,3.47E-01,2.87E-01,2.17E-01,1.36E-01,4.62E-02,4.62E-02,1.36E-01,2.17E-01,2.87E-01,3.47E-01,3.97E-01,4.38E-01,4.73E-01,5.03E-01,5.28E-01,5.49E-01,5.68E-01,5.85E-01,6.01E-01,6.14E-01,6.27E-01,6.38E-01,6.49E-01,6.59E-01,6.69E-01,6.78E-01,6.86E-01,6.94E-01,7.02E-01,7.10E-01,7.17E-01,7.25E-01,7.36E-01,7.51E-01,7.89E-01,8.80E-01,9.68E-01,1.00E+00,1.00E+00,1.00E+00,1.00E+00,1.00E+00,1.00E+00,1.00E+00,1.00E+00,1.00E+00,1.00E+00,1.00E+00,1.00E+00,1.00E+00,1.00E+00,1.00E+00,1.00E+00
1.00E+00,1.00E+00,1.00E+00,1.00E+00,1.00E+00,1.00E+00,1.00E+00,1.00E+00,1.00E+00,1.00E+00,1.00E+00,1.00E+00,1.00E+00,1.00E+00,1.00E+00,1.00E+00,1.00E+00,9.50E-01,9.20E-01,8.20E-01,7.55E-01,7.21E-01,7.06E-01,6.96E-01,6.87E-01,6.78E-01,6.69E-01,6.59E-01,6.49E-01,6.38E-01,6.27E-01,6.14E-01,6.01E-01,5.87E-01,5.71E-01,5.54E-01,5.35E-01,5.13E-01,4.89E-01,4.61E-01,4.29E-01,3.93E-01,3.50E-01,3.02E-01,2.46E-01,1.82E-01,1.12E-01,3.80E-02,3.80E-02,1.12E-01,1.82E-01,2.46E-01,3.02E-01,3.50E-01,3.93E-01,4.29E-01,4.61E-01,4.89E-01,5.13E-01,5.35E-01,5.54E-01,5.71E-01,5.87E-01,6.01E-01,6.14E-01,6.27E-01,6.38E-01,6.49E-01,6.59E-01,6.69E-01,6.78E-01,6.87E-01,6.96E-01,7.06E-01,7.22E-01,7.53E-01,8.15E-01,9.33E-01,9.66E-01,1.00E+00,1.00E+00,1.00E+00,1.00E+00,1.00E+00,1.00E+00,1.00E+00,1.00E+00,1.00E+00,1.00E+00,1.00E+00,1.00E+00,1.00E+00,1.00E+00,1.00E+00,1.00E+00,1.00E+00
1.00E+00,1.00E+00,1.00E+00,1.00E+00,1.00E+00,1.00E+00,1.00E+00,1.00E+00,1.00E+00,1.00E+00,1.00E+00,1.00E+00,1.00E+00,1.00E+00,1.00E+00,1.00E+00,1.00E+00,1.00E+00,1.00E+00,9.44E-01,8.75E-01,7.77E-01,7.17E-01,6.88E-01,6.74E-01,6.63E-01,6.52E-01,6.41E-01,6.30E-01,6.18E-01,6.05E-01,5.92E-01,5.77E-01,5.61E-01,5.44E-01,5.25E-01,5.04E-01,4.81E-01,4.55E-01,4.26E-01,3.93E-01,3.56E-01,3.15E-01,2.68E-01,2.16E-01,1.58E-01,9.70E-02,3.27E-02,3.27E-02,9.70E-02,1.58E-01,2.16E-01,2.68E-01,3.15E-01,3.56E-01,3.93E-01,4.26E-01,4.55E-01,4.81E-01,5.04E-01,5.25E-01,5.44E-01,5.61E-01,5.77E-01,5.92E-01,6.05E-01,6.18E-01,6.30E-01,6.41E-01,6.52E-01,6.63E-01,6.73E-01,6.87E-01,7.15E-01,7.69E-01,8.82E-01,9.69E-01,1.00E+00,1.00E+00,1.00E+00,1.00E+00,1.00E+00,1.00E+00,1.00E+00,1.00E+00,1.00E+00,1.00E+00,1.00E+00,1.00E+00,1.00E+00,1.00E+00,1.00E+00,1.00E+00,1.00E+00,1.00E+00,1.00E+00
1.00E+00,1.00E+00,1.00E+00,1.00E+00,1.00E+00,1.00E+00,1.00E+00,1.00E+00,1.00E+00,1.00E+00,1.00E+00,1.00E+00,1.00E+00,1.00E+00,1.00E+00,1.00E+00,1.00E+00,1.00E+00,1.00E+00,1.00E+00,9.64E-01,8.77E-01,8.44E-01,7.39E-01,6.83E-01,6.53E-01,6.38E-01,6.25E-01,6.13E-01,5.99E-01,5.85E-01,5.71E-01,5.55E-01,5.38E-01,5.19E-01,4.99E-01,4.77E-01,4.53E-01,4.26E-01,3.96E-01,3.63E-01,3.27E-01,2.86E-01,2.42E-01,1.93E-01,1.41E-01,8.59E-02,2.89E-02,2.89E-02,8.59E-02,1.41E-01,1.93E-01,2.42E-01,2.86E-01,3.27E-01,3.63E-01,3.96E-01,4.26E-01,4.53E-01,4.77E-01,4.99E-01,5.19E-01,5.38E-01,5.55E-01,5.71E-01,5.85E-01,5.99E-01,6.12E-01,6.25E-01,6.38E-01,6.54E-01,6.78E-01,7.30E-01,8.19E-01,8.88E-01,9.73E-01,1.00E+00,1.00E+00,1.00E+00,1.00E+00,1.00E+00,1.00E+00,1.00E+00,1.00E+00,1.00E+00,1.00E+00,1.00E+00,1.00E+00,1.00E+00,1.00E+00,1.00E+00,1.00E+00,1.00E+00,1.00E+00,1.00E+00,1.00E+00
1.00E+00,1.00E+00,1.00E+00,1.00E+00,1.00E+00,1.00E+00,1.00E+00,1.00E+00,1.00E+00,1.00E+00,1.00E+00,1.00E+00,1.00E+00,1.00E+00,1.00E+00,1.00E+00,1.00E+00,1.00E+00,1.00E+00,1.00E+00,1.00E+00,1.00E+00,9.58E-01,8.85E-01,7.74E-01,7.16E-01,6.48E-01,6.19E-01,6.01E-01,5.84E-01,5.68E-01,5.52E-01,5.35E-01,5.16E-01,4.97E-01,4.76E-01,4.53E-01,4.28E-01,4.01E-01,3.71E-01,3.38E-01,3.02E-01,2.63E-01,2.21E-01,1.76E-01,1.28E-01,7.75E-02,2.60E-02,2.60E-02,7.75E-02,1.28E-01,1.76E-01,2.21E-01,2.63E-01,3.02E-01,3.38E-01,3.71E-01,4.01E-01,4.28E-01,4.53E-01,4.76E-01,4.97E-01,5.16E-01,5.35E-01,5.52E-01,5.67E-01,5.83E-01,6.01E-01,6.19E-01,6.50E-01,7.13E-01,7.95E-01,8.90E-01,9.59E-01,1.00E+00,1.00E+00,1.00E+00,1.00E+00,1.00E+00,1.00E+00,1.00E+00,1.00E+00,1.00E+00,1.00E+00,1.00E+00,1.00E+00,1.00E+00,1.00E+00,1.00E+00,1.00E+00,1.00E+00,1.00E+00,1.00E+00,1.00E+00,1.00E+00,1.00E+00
